charging_id,vehicle_id,station_id,date_id,start_time,end_time,start_battery_pct,end_battery_pct,energy_added_kwh,charging_power_kw,charging_time_min,wait_time_min,charging_cost_inr,charging_success,connector_used,energy_added_was_outlier,wait_time_min_was_imputed,charging_cost_inr_was_imputed
1,2,170,20260505,2026-05-05 22:34:58.463869792,2026-05-05 23:33:58.463869792,22.0,71.3,24.359,24.47,59,10.0,462.82,True,CCS2,False,False,False
2,2,124,20260505,2026-05-06 06:20:18.297038423,2026-05-06 07:47:18.297038423,5.0,84.2,39.89,25.16,87,9.0,855.64,True,CCS2,False,False,False
3,2,59,20260508,2026-05-08 14:53:29.773478806,2026-05-08 15:55:29.773478806,5.0,76.3,35.092,32.66,62,12.0,701.84,True,CCS2,False,False,False
4,2,163,20260509,2026-05-09 16:42:57.413019643,2026-05-09 17:52:57.413019643,5.0,84.2,40.237,32.63,70,13.0,965.69,True,CCS2,False,False,False
5,2,142,20260602,2026-06-02 18:10:10.324435008,2026-06-02 23:05:10.324435008,17.3,89.2,34.433,6.63,295,10.0,395.98,True,TYPE 2,False,False,False
6,2,59,20260608,2026-06-09 00:50:21.597487367,2026-06-09 01:51:21.597487367,5.0,80.4,37.695,36.62,61,17.0,753.9,True,CCS2,False,False,False
7,2,142,20260613,2026-06-13 12:15:53.775912482,2026-06-13 18:31:53.775912482,5.0,94.5,43.007,6.49,376,11.0,544.04,True,TYPE 2,False,False,False
8,2,124,20260628,2026-06-28 17:39:23.220991249,2026-06-28 19:23:23.220991249,8.4,81.2,35.236,19.83,104,12.0,687.1,True,CCS2,False,False,False
9,2,63,20260628,2026-06-29 02:27:07.751896452,2026-06-29 14:30:07.751896452,5.0,89.0,40.914,3.15,723,8.0,409.14,True,TYPE 2,False,False,False
10,2,142,20260630,2026-06-30 21:51:37.365100726,2026-07-01 04:06:37.365100726,5.0,98.6,47.664,6.83,375,11.0,548.14,True,TYPE 2,False,False,False
11,2,142,20260708,2026-07-08 12:54:04.821678594,2026-07-08 18:49:04.821678594,5.0,91.2,43.403,6.64,355,18.0,499.13,True,TYPE 2,False,False,False
12,2,12,20260722,2026-07-22 17:03:22.794589387,2026-07-22 17:51:22.794589387,20.2,77.4,29.02,36.3,48,9.0,609.42,True,CCS2,False,False,False
13,2,163,20260725,2026-07-25 13:59:24.909367839,2026-07-25 14:54:24.909367839,16.0,82.4,32.544,35.07,55,17.0,859.16,True,CCS2,False,False,False
14,2,161,20260801,2026-08-01 21:42:26.687695144,2026-08-01 22:48:26.687695144,10.4,71.1,30.843,26.32,66,8.0,740.23,True,CCS2,False,False,False
15,2,23,20260810,2026-08-10 17:45:59.525093184,2026-08-10 18:59:59.525093184,5.0,75.3,35.42,26.41,74,15.0,818.2,True,CCS2,False,False,False
16,2,12,20260818,2026-08-18 23:27:59.451527909,2026-08-19 00:18:59.451527909,12.8,79.5,32.508,39.56,51,15.0,750.93,True,CCS2,False,False,False
17,2,161,20260914,2026-09-14 23:37:30.783078993,2026-09-15 01:02:30.783078993,5.0,81.8,38.533,25.14,85,19.0,924.79,True,CCS2,False,False,False
18,3,84,20260410,2026-04-10 11:24:32.324981916,2026-04-10 12:08:32.324981916,21.8,76.4,17.643,24.02,44,0.0,388.15,True,CCS2,False,False,False
19,3,36,20260414,2026-04-14 09:27:46.718212991,2026-04-14 16:51:46.718212991,23.3,98.7,25.467,3.09,444,7.0,308.15,True,TYPE 2,False,False,False
20,3,86,20260510,2026-05-10 14:04:50.236545241,2026-05-10 15:01:50.236545241,6.1,81.5,24.964,24.96,57,5.0,604.13,True,CCS2,False,False,False
21,3,86,20260520,2026-05-20 09:50:42.237726715,2026-05-20 10:48:42.237726715,13.6,77.5,20.783,21.03,58,8.0,457.23,True,CCS2,False,False,False
22,3,139,20260521,2026-05-21 13:51:16.948722196,2026-05-21 14:44:16.948722196,5.0,74.1,23.331,25.47,53,3.0,501.62,True,CCS2,False,False,False
23,3,29,20260528,2026-05-28 12:11:56.132471236,2026-05-28 20:58:56.132471236,5.0,95.8,30.913,3.12,527,2.0,340.04,True,TYPE 2,False,False,False
24,3,114,20260606,2026-06-06 17:29:08.649298107,2026-06-07 00:26:08.649298107,22.1,90.2,23.088,2.98,417,9.0,317.46,True,TYPE 2,False,False,False
25,3,84,20260611,2026-06-11 08:48:57.570435485,2026-06-11 09:47:57.570435485,5.0,83.1,26.111,24.54,59,4.0,574.44,True,CCS2,False,False,False
26,3,125,20260628,2026-06-28 11:32:46.955880192,2026-06-28 12:38:46.955880192,10.5,80.8,23.071,20.77,66,5.0,449.88,True,CCS2,False,False,False
27,3,36,20260710,2026-07-10 10:29:44.884916346,2026-07-10 17:28:44.884916346,22.1,93.5,22.8,3.1,419,5.0,250.8,True,TYPE 2,False,False,False
28,3,58,20260714,2026-07-14 10:56:24.648521379,2026-07-14 11:41:24.648521379,23.4,81.1,19.185,24.25,45,0.0,383.7,True,CCS2,False,False,False
29,3,35,20260716,2026-07-16 08:42:31.326956588,2026-07-16 09:37:31.326956588,21.8,81.7,19.863,21.75,55,7.0,417.12,True,CCS2,False,False,False
30,3,113,20260717,2026-07-17 12:14:27.621789325,2026-07-17 12:59:27.621789325,28.1,74.7,14.758,21.01,45,2.0,339.43,True,CCS2,False,False,False
31,3,138,20260726,2026-07-26 14:17:25.422461420,2026-07-26 14:54:25.422461420,27.9,76.8,16.577,24.91,37,7.0,392.05,True,CCS2,False,False,False
32,3,138,20260828,2026-08-28 08:27:43.354510094,2026-08-28 09:34:43.354510094,5.0,76.2,23.008,20.64,67,0.0,544.14,True,CCS2,False,False,False
33,3,97,20260904,2026-09-04 10:03:15.033891336,2026-09-04 10:43:15.033891336,28.0,79.7,16.783,25.22,40,4.0,369.23,True,CCS2,False,False,False
34,5,133,20260403,2026-04-03 17:20:50.955626306,2026-04-03 18:14:50.955626306,19.5,83.3,32.386,34.6,54,6.0,696.3,True,CCS2,False,False,False
35,5,6,20260601,2026-06-01 10:40:01.994559679,2026-06-01 11:16:01.994559679,29.8,82.6,25.841,44.58,36,2.0,542.66,True,CCS2,False,False,False
36,5,20,20260603,2026-06-03 11:05:42.083940931,2026-06-03 12:02:42.083940931,5.5,81.8,36.38,39.18,57,5.0,763.98,True,CCS2,False,False,False
37,5,20,20260620,2026-06-20 14:53:49.511293840,2026-06-20 15:44:49.511293840,11.0,76.1,32.894,36.97,51,9.0,690.77,True,CCS2,False,False,False
38,5,129,20260710,2026-07-10 14:04:48.693495783,2026-07-10 14:55:48.693495783,12.1,76.9,31.176,37.41,51,1.0,607.93,True,CCS2,False,False,False
39,5,37,20260729,2026-07-29 11:06:05.910251671,2026-07-29 11:57:05.910251671,27.2,83.9,27.694,33.0,51,6.0,581.57,True,CCS2,False,False,False
40,5,31,20260803,2026-08-03 19:22:39.210614927,2026-08-03 23:59:39.210614927,27.7,96.3,33.537,6.79,277,0.0,368.91,True,TYPE 2,False,False,False
41,5,20,20260805,2026-08-05 16:32:09.375036654,2026-08-05 17:15:09.375036654,20.4,71.7,24.913,35.66,43,0.0,523.17,True,CCS2,False,False,False
42,5,133,20260806,2026-08-06 14:15:42.214340734,2026-08-06 14:57:42.214340734,14.1,76.5,29.93,41.75,42,7.0,643.5,True,CCS2,False,False,False
43,5,110,20260917,2026-09-17 16:21:29.001749443,2026-09-17 17:12:29.001749443,8.5,82.0,35.841,42.33,51,0.0,824.34,True,CCS2,False,False,False
44,6,171,20260401,2026-04-01 11:29:56.109641207,2026-04-01 12:06:56.109641207,5.0,74.4,19.072,33.4,37,9.0,362.37,True,CCS2,False,False,False
45,6,80,20260418,2026-04-18 16:56:08.499635996,2026-04-18 20:10:08.499635996,5.2,90.1,24.736,6.96,194,4.0,296.83,True,TYPE 2,False,False,False
46,6,171,20260428,2026-04-28 18:48:16.874385630,2026-04-28 19:25:16.874385630,5.0,71.8,18.468,32.75,37,1.0,350.89,True,CCS2,False,False,False
47,6,65,20260429,2026-04-29 11:41:01.087857345,2026-04-29 12:17:01.087857345,5.0,83.6,23.079,37.56,36,3.0,461.58,True,CCS2,False,False,False
48,6,89,20260430,2026-04-30 14:21:56.044546570,2026-04-30 14:56:56.044546570,5.0,71.5,19.562,34.59,35,5.0,473.4,True,CCS2,False,False,False
49,6,171,20260430,2026-04-30 21:32:10.039112118,2026-04-30 22:04:10.039112118,6.1,83.0,21.896,43.94,32,9.0,416.02,True,CCS2,False,False,False
50,6,51,20260507,2026-05-07 15:02:57.412886442,2026-05-07 15:28:57.412886442,17.6,72.4,15.308,37.43,26,3.0,306.16,True,CCS2,False,False,False
51,6,89,20260511,2026-05-11 12:56:20.404147872,2026-05-11 13:16:20.404147872,21.2,70.3,13.474,44.62,20,1.0,379.48,True,CCS2,False,False,True
52,6,171,20260519,2026-05-19 19:05:46.694497432,2026-05-19 19:36:46.694497432,5.0,71.8,18.569,35.95,31,0.0,352.81,True,CCS2,False,False,False
53,6,101,20260528,2026-05-28 14:12:06.566121088,2026-05-28 14:56:06.566121088,5.0,72.4,19.108,25.95,44,8.0,439.48,True,CCS2,False,False,False
54,6,79,20260603,2026-06-03 16:03:37.484104411,2026-06-03 16:30:37.484104411,5.0,71.9,18.495,42.94,27,4.0,447.58,True,CCS2,False,False,False
55,6,88,20260618,2026-06-18 14:06:36.158570036,2026-06-18 14:39:36.158570036,6.6,81.2,21.418,39.38,33,9.0,518.32,True,CCS2,False,False,False
56,6,79,20260622,2026-06-22 16:42:33.966568594,2026-06-22 17:18:33.966568594,5.0,78.7,21.388,37.09,36,0.0,470.54,True,CCS2,False,False,False
57,6,65,20260629,2026-06-29 11:18:58.410157938,2026-06-29 11:47:58.410157938,5.0,81.3,21.555,44.64,29,4.0,431.1,True,CCS2,False,False,False
58,6,179,20260702,2026-07-02 16:51:18.001536603,2026-07-02 17:19:18.001536603,5.0,74.9,19.225,42.21,28,6.0,384.5,True,CCS2,False,False,False
59,6,123,20260703,2026-07-03 14:25:58.926468447,2026-07-03 14:53:58.926468447,5.0,73.6,19.327,41.74,28,8.0,376.88,True,CCS2,False,False,False
60,6,66,20260708,2026-07-08 17:37:51.083800943,2026-07-08 18:13:51.083800943,5.0,83.0,22.111,36.44,36,5.0,442.22,True,CCS2,False,False,False
61,6,179,20260709,2026-07-09 09:16:40.308003154,2026-07-09 09:49:40.308003154,5.0,78.6,21.03,37.72,33,6.0,420.6,True,CCS2,False,False,False
62,6,67,20260712,2026-07-12 14:17:21.990575598,2026-07-12 14:55:21.990575598,5.0,83.2,21.84,36.47,38,8.0,436.8,True,CCS2,False,False,False
63,6,65,20260715,2026-07-15 12:15:09.427458217,2026-07-15 12:55:09.427458217,5.0,82.7,22.129,34.18,40,1.0,442.58,True,CCS2,False,False,False
64,6,105,20260715,2026-07-15 21:08:25.440106371,2026-07-15 21:39:25.440106371,5.0,81.8,21.79,43.45,31,8.0,551.29,True,CCS2,False,False,False
65,6,88,20260716,2026-07-16 17:14:38.013641665,2026-07-16 17:51:38.013641665,5.0,83.4,21.636,38.17,37,0.0,379.48,True,CCS2,False,False,True
66,6,179,20260724,2026-07-24 11:07:57.420706048,2026-07-24 11:40:57.420706048,21.5,83.2,17.903,32.57,33,4.0,358.06,True,CCS2,False,False,False
67,6,101,20260729,2026-07-29 16:14:14.933204731,2026-07-29 17:15:14.933204731,5.0,77.1,21.086,19.99,61,3.0,484.98,True,CCS2,False,False,False
68,6,65,20260818,2026-08-18 11:48:44.156444952,2026-08-18 12:23:44.156444952,5.0,74.5,20.363,35.2,35,9.0,407.26,True,CCS2,False,True,False
69,6,105,20260822,2026-08-22 09:26:11.142586894,2026-08-22 09:59:11.142586894,5.0,70.7,18.174,36.39,33,3.0,418.0,True,CCS2,False,False,False
70,6,159,20260822,2026-08-22 19:34:14.445555108,2026-08-22 22:27:14.445555108,13.2,86.5,20.771,6.76,173,2.0,270.02,True,TYPE 2,False,False,False
71,6,67,20260824,2026-08-24 17:00:32.203867934,2026-08-24 17:34:32.203867934,5.0,76.8,20.128,38.35,34,4.0,442.82,True,CCS2,False,False,False
72,6,105,20260828,2026-08-28 09:51:41.980284387,2026-08-28 10:22:41.980284387,5.0,76.5,19.588,41.18,31,3.0,450.52,True,CCS2,False,False,False
73,6,67,20260904,2026-09-04 14:25:17.234922237,2026-09-04 14:52:17.234922237,5.0,70.0,18.984,40.45,27,5.0,379.68,True,CCS2,False,False,False
74,6,88,20260906,2026-09-06 14:20:26.862155420,2026-09-06 14:52:26.862155420,5.0,84.5,23.493,43.76,32,9.0,568.53,True,CCS2,False,False,False
75,6,101,20260906,2026-09-07 00:39:58.870954443,2026-09-07 01:18:58.870954443,15.7,80.1,18.812,26.98,39,0.0,432.68,True,CCS2,False,False,False
76,6,79,20260906,2026-09-07 12:57:52.737454755,2026-09-07 13:28:52.737454755,5.0,70.1,18.504,37.81,31,7.0,407.09,True,CCS2,False,False,False
77,6,101,20260906,2026-09-07 23:09:16.067113338,2026-09-07 23:53:16.067113338,5.0,71.3,18.887,26.17,44,9.0,477.84,True,CCS2,False,False,False
78,6,79,20260918,2026-09-18 20:10:17.631091315,2026-09-18 20:41:17.631091315,5.0,75.9,20.505,41.04,31,4.0,451.11,True,CCS2,False,False,False
79,8,123,20260629,2026-06-29 15:02:02.105856813,2026-06-29 15:32:02.105856813,24.3,72.6,20.401,43.71,30,9.0,397.82,True,CCS2,False,True,False
80,8,39,20260819,2026-08-19 11:33:10.470852671,2026-08-19 12:20:10.470852671,5.0,76.9,30.687,38.7,47,5.0,644.43,True,CCS2,False,False,False
81,8,179,20260901,2026-09-01 08:07:54.255106883,2026-09-01 08:42:54.255106883,21.4,72.2,21.951,37.84,35,8.0,439.02,True,CCS2,False,False,False
82,8,105,20260903,2026-09-03 10:29:34.948588430,2026-09-03 11:15:34.948588430,5.0,71.4,27.95,35.98,46,3.0,642.85,True,CCS2,False,False,False
83,10,129,20260714,2026-07-14 10:48:14.009553626,2026-07-14 11:20:14.009553626,24.6,75.3,21.607,41.39,32,6.0,421.34,True,CCS2,False,False,False
84,10,75,20260818,2026-08-18 16:44:50.108505225,2026-08-18 17:32:50.108505225,5.0,83.9,34.95,43.01,48,3.0,699.0,True,CCS2,False,False,False
85,10,146,20260918,2026-09-18 10:39:06.239560113,2026-09-18 21:22:06.239560113,11.3,96.0,37.21,3.17,643,8.0,334.89,True,TYPE 2,False,False,False
86,11,121,20260916,2026-09-16 13:13:04.043787214,2026-09-16 17:50:04.043787214,25.5,96.0,14.961,2.97,277,9.0,157.09,True,TYPE 2,False,False,False
87,12,151,20260708,2026-07-08 16:22:26.896078716,2026-07-08 17:32:26.896078716,32.1,84.2,25.297,20.39,70,15.0,430.05,True,CCS2,False,False,False
88,13,26,20260327,2026-03-27 11:30:48.175055527,2026-03-27 14:06:48.175055527,27.2,96.7,18.033,6.55,156,19.0,198.36,True,TYPE 2,False,False,False
89,13,26,20260402,2026-04-02 10:12:14.236716999,2026-04-02 12:43:14.236716999,26.1,95.8,18.391,6.85,151,11.0,222.53,True,TYPE 2,False,False,False
90,13,143,20260418,2026-04-18 11:09:09.224806957,2026-04-18 12:02:09.224806957,5.0,71.4,17.741,19.53,53,17.0,419.57,True,CCS2,False,False,False
91,13,143,20260502,2026-05-02 12:05:00.918048027,2026-05-02 13:03:00.918048027,5.0,75.3,17.768,19.13,58,17.0,382.01,True,CCS2,False,False,False
92,13,26,20260603,2026-06-03 10:28:21.245485255,2026-06-03 13:51:21.245485255,5.0,97.6,24.121,6.72,203,12.0,291.86,True,TYPE 2,False,False,False
93,13,28,20260614,2026-06-14 17:10:03.892039190,2026-06-14 20:28:03.892039190,6.5,98.4,24.796,6.76,198,9.0,272.76,True,TYPE 2,False,True,False
94,13,73,20260711,2026-07-11 13:17:55.066820133,2026-07-11 16:11:55.066820133,6.7,86.4,20.321,6.76,174,17.0,203.21,True,TYPE 2,False,False,False
95,13,46,20260801,2026-08-01 17:51:04.501959975,2026-08-01 18:59:04.501959975,5.0,82.6,20.466,17.69,68,16.0,409.32,True,CCS2,False,False,False
96,13,19,20260806,2026-08-06 13:56:51.947812808,2026-08-06 14:56:51.947812808,5.0,81.2,19.564,19.34,60,16.0,451.93,True,CCS2,False,False,False
97,13,73,20260807,2026-08-07 18:27:33.645923379,2026-08-07 21:27:33.645923379,5.0,89.4,21.909,6.89,180,9.0,219.09,True,TYPE 2,False,False,False
98,13,21,20260821,2026-08-21 11:00:22.038983726,2026-08-21 12:00:22.038983726,5.0,84.5,20.382,19.93,60,16.0,428.02,True,CCS2,False,False,False
99,13,19,20260831,2026-08-31 07:53:50.911962774,2026-08-31 08:38:50.911962774,18.8,76.2,15.076,19.5,45,14.0,316.6,True,CCS2,False,False,False
100,13,26,20260913,2026-09-13 12:28:07.810026544,2026-09-13 15:39:07.810026544,12.5,98.5,22.616,6.6,191,13.0,273.65,True,TYPE 2,False,False,False
101,14,11,20260323,2026-03-23 16:27:48.228561194,2026-03-23 17:18:48.228561194,5.0,70.9,31.604,38.89,51,5.0,663.68,True,CCS2,False,False,False
102,14,100,20260404,2026-04-04 11:07:55.310744064,2026-04-04 12:13:55.310744064,26.5,80.5,26.836,23.94,66,7.0,617.23,True,CCS2,False,False,False
103,14,49,20260429,2026-04-29 13:40:28.918910125,2026-04-29 14:41:28.918910125,5.0,76.2,34.752,34.0,61,1.0,695.04,True,CCS2,False,False,False
104,14,144,20260604,2026-06-04 11:28:32.387015454,2026-06-04 12:00:32.387015454,29.7,74.7,22.242,42.38,32,7.0,478.2,True,CCS2,False,False,False
105,14,90,20260701,2026-07-01 12:24:39.922001184,2026-07-01 12:59:39.922001184,22.6,71.6,23.473,42.97,35,2.0,568.05,True,CCS2,False,False,False
106,14,70,20260722,2026-07-22 13:57:19.595197269,2026-07-22 14:36:19.595197269,21.0,76.6,28.245,39.85,39,9.0,564.9,True,CCS2,False,True,False
107,14,5,20260817,2026-08-17 13:02:10.713860164,2026-08-17 13:57:10.713860164,15.2,81.6,32.261,34.42,55,6.0,745.23,True,CCS2,False,False,False
108,14,144,20260830,2026-08-30 16:34:13.698561302,2026-08-30 17:22:13.698561302,6.7,72.7,31.568,41.49,48,6.0,678.71,True,CCS2,False,False,False
109,15,137,20260907,2026-09-07 16:26:51.614456670,2026-09-07 17:36:51.614456670,5.0,80.5,50.591,42.07,70,19.0,1087.71,True,CCS2,False,False,False
110,17,15,20260401,2026-04-01 13:38:26.740485984,2026-04-01 16:03:26.740485984,27.1,93.7,17.417,6.72,145,9.0,191.59,True,TYPE 2,False,False,False
111,19,143,20260330,2026-03-30 08:38:58.998518895,2026-03-30 09:32:58.998518895,22.8,82.1,18.861,20.78,54,11.0,405.51,True,CCS2,False,False,False
112,19,109,20260416,2026-04-16 15:52:27.544344971,2026-04-16 16:58:27.544344971,5.0,82.2,24.511,21.58,66,18.0,620.13,True,CCS2,False,False,False
113,19,102,20260419,2026-04-19 09:45:59.963440396,2026-04-19 10:40:59.963440396,17.9,83.0,21.557,21.8,55,14.0,545.39,True,CCS2,False,False,False
114,19,73,20260421,2026-04-21 11:26:22.177938523,2026-04-21 15:28:22.177938523,5.0,96.7,30.61,6.9,242,16.0,306.1,True,TYPE 2,False,False,False
115,19,109,20260425,2026-04-25 12:37:06.973479288,2026-04-25 13:23:06.973479288,25.6,77.4,17.079,21.33,46,10.0,392.82,True,CCS2,False,False,False
116,19,72,20260430,2026-04-30 06:32:16.309492428,2026-04-30 10:26:16.309492428,5.0,90.0,27.568,6.7,234,18.0,303.25,True,TYPE 2,False,False,False
117,19,102,20260506,2026-05-06 13:05:56.698604563,2026-05-06 13:48:56.698604563,25.8,82.8,19.242,25.18,43,14.0,486.82,True,CCS2,False,False,False
118,19,72,20260518,2026-05-18 16:56:10.183046012,2026-05-18 21:17:10.183046012,5.0,98.2,29.913,6.56,261,19.0,299.13,True,TYPE 2,False,False,False
119,19,181,20260519,2026-05-19 10:55:28.079868391,2026-05-19 13:46:28.079868391,27.3,92.4,21.197,6.98,171,12.0,244.83,True,TYPE 2,False,False,False
120,19,38,20260623,2026-06-23 11:54:49.063011389,2026-06-23 12:55:49.063011389,18.6,79.6,20.294,19.78,61,15.0,426.17,True,CCS2,False,False,False
121,19,72,20260628,2026-06-28 11:09:50.111491619,2026-06-28 14:33:50.111491619,20.5,95.6,25.043,6.75,204,18.0,250.43,True,TYPE 2,False,False,False
122,19,73,20260706,2026-07-06 10:18:43.818493161,2026-07-06 13:39:43.818493161,14.9,90.7,24.564,6.98,201,18.0,245.64,True,TYPE 2,False,False,False
123,19,72,20260716,2026-07-16 13:23:33.101778424,2026-07-16 17:38:33.101778424,5.0,98.3,31.469,6.63,255,9.0,314.69,True,TYPE 2,False,False,False
124,19,72,20260810,2026-08-10 07:10:41.259954303,2026-08-10 10:43:41.259954303,5.0,85.4,27.22,6.9,213,19.0,299.42,True,TYPE 2,False,False,False
125,19,28,20260811,2026-08-11 12:04:33.429288207,2026-08-11 15:21:33.429288207,17.7,89.5,23.057,6.73,197,8.0,278.99,True,TYPE 2,False,False,False
126,19,151,20260819,2026-08-19 11:50:47.833093372,2026-08-19 12:43:47.833093372,20.1,79.9,19.381,22.08,53,8.0,362.42,True,CCS2,False,False,False
127,19,46,20260908,2026-09-08 11:07:00.826301657,2026-09-08 12:01:00.826301657,5.0,79.9,23.811,26.02,54,17.0,476.22,True,CCS2,False,False,False
128,19,26,20260909,2026-09-09 16:41:18.423293938,2026-09-09 20:53:18.423293938,5.0,98.2,30.116,6.81,252,16.0,331.28,True,TYPE 2,False,False,False
129,19,104,20260919,2026-09-19 16:03:36.572893244,2026-09-19 17:15:36.572893244,5.0,84.7,26.038,20.75,72,16.0,598.87,True,CCS2,False,False,False
130,20,13,20260422,2026-04-22 11:06:23.149535343,2026-04-22 11:45:23.149535343,34.8,78.9,11.45,17.89,39,4.0,240.45,True,CCS2,False,False,False
131,20,24,20260621,2026-06-21 11:44:00.985917154,2026-06-21 12:32:00.985917154,31.4,81.1,12.569,16.67,48,2.0,263.95,True,CCS2,False,False,False
132,24,19,20260806,2026-08-06 09:16:29.079508541,2026-08-06 10:10:29.079508541,20.7,78.9,36.355,39.19,54,15.0,763.45,True,CCS2,False,False,False
133,24,9,20260830,2026-08-30 11:18:56.889389941,2026-08-30 12:10:56.889389941,23.1,71.9,30.296,32.54,52,11.0,699.84,True,CCS2,False,False,False
134,24,26,20260909,2026-09-09 12:49:33.569429343,2026-09-09 19:15:33.569429343,15.2,91.9,45.462,6.58,386,16.0,500.08,True,TYPE 2,False,False,False
135,25,14,20260407,2026-04-07 07:05:25.373346330,2026-04-07 10:15:25.373346330,25.2,95.3,22.54,6.81,190,15.0,247.94,True,TYPE 2,False,False,False
136,25,92,20260417,2026-04-17 09:49:51.859736547,2026-04-17 13:48:51.859736547,6.1,95.3,29.27,6.87,239,12.0,386.36,True,TYPE 2,False,False,False
137,25,148,20260420,2026-04-20 06:45:27.523182181,2026-04-20 07:26:27.523182181,23.6,77.1,17.002,26.26,41,13.0,289.03,True,CCS2,False,False,False
138,25,177,20260508,2026-05-08 09:48:26.403474363,2026-05-08 13:39:26.403474363,13.2,99.0,27.188,6.77,231,14.0,285.47,True,TYPE 2,False,False,False
139,25,131,20260515,2026-05-15 12:37:04.705844398,2026-05-15 13:35:04.705844398,5.0,83.0,26.466,26.41,58,13.0,516.09,True,CCS2,False,False,False
140,25,180,20260530,2026-05-30 10:01:39.304042613,2026-05-30 10:42:39.304042613,18.4,75.1,18.453,26.9,41,19.0,369.06,True,CCS2,False,False,False
141,25,60,20260601,2026-06-01 12:43:59.354140423,2026-06-01 13:36:59.354140423,22.4,78.3,18.589,19.68,53,9.0,371.78,True,CCS2,False,False,False
142,25,131,20260606,2026-06-06 14:51:59.643957974,2026-06-06 15:53:59.643957974,15.7,82.5,22.109,20.19,62,11.0,474.24,True,CCS2,False,False,False
143,25,76,20260623,2026-06-23 14:22:27.248787547,2026-06-23 15:33:27.248787547,5.0,83.7,25.11,21.61,71,12.0,502.2,True,CCS2,False,False,False
144,25,82,20260701,2026-07-01 13:02:02.004651364,2026-07-01 20:02:02.004651364,25.7,99.9,24.32,3.19,420,11.0,321.02,True,TYPE 2,False,False,False
145,25,131,20260716,2026-07-16 08:27:14.394776881,2026-07-16 09:29:14.394776881,5.0,83.3,26.197,24.28,62,17.0,510.84,True,CCS2,False,False,False
146,25,34,20260728,2026-07-28 08:20:44.837981738,2026-07-28 14:53:44.837981738,25.2,92.2,21.757,3.1,393,9.0,239.33,True,TYPE 2,False,True,False
147,25,76,20260730,2026-07-30 12:49:49.190204131,2026-07-30 13:24:49.190204131,25.1,70.2,15.126,25.07,35,17.0,302.52,True,CCS2,False,False,False
148,25,148,20260820,2026-08-20 10:03:17.997066666,2026-08-20 10:49:17.997066666,23.7,77.3,17.656,21.6,46,17.0,300.15,True,CCS2,False,False,False
149,25,92,20260823,2026-08-23 10:20:08.066838826,2026-08-23 13:30:08.066838826,21.2,93.1,24.058,6.94,190,10.0,288.7,True,TYPE 2,False,False,False
150,25,177,20260826,2026-08-26 12:22:57.574133144,2026-08-26 14:59:57.574133144,27.1,85.7,18.835,6.89,157,17.0,197.77,True,TYPE 2,False,False,False
151,25,118,20260911,2026-09-11 08:45:35.837564124,2026-09-11 09:37:35.837564124,17.4,78.2,19.251,22.53,52,12.0,412.93,True,CCS2,False,False,False
152,26,31,20260621,2026-06-21 12:01:44.974464441,2026-06-21 14:22:44.974464441,33.3,94.8,17.045,6.93,141,8.0,187.5,True,TYPE 2,False,False,False
153,26,146,20260705,2026-07-05 14:24:51.189753610,2026-07-05 18:49:51.189753610,32.1,85.2,14.558,3.15,265,0.0,131.02,True,TYPE 2,False,False,False
154,27,30,20260528,2026-05-28 11:21:56.835516342,2026-05-28 11:44:56.835516342,31.0,70.5,8.028,22.39,23,6.0,168.59,True,CCS2,False,False,False
155,27,30,20260605,2026-06-05 14:45:03.669595204,2026-06-05 15:20:03.669595204,33.6,81.4,10.168,18.51,35,1.0,234.88,True,CCS2,False,False,False
156,27,81,20260722,2026-07-22 14:41:50.670289528,2026-07-22 15:14:50.670289528,29.3,77.8,9.852,18.55,33,5.0,216.74,True,CCS2,False,False,False
157,27,156,20260801,2026-08-01 15:33:40.105190214,2026-08-01 18:58:40.105190214,34.0,86.5,10.654,2.98,205,0.0,95.89,True,TYPE 2,False,False,False
158,28,51,20260826,2026-08-26 13:12:40.684158525,2026-08-26 14:10:40.684158525,5.0,81.4,33.468,34.62,58,3.0,669.36,True,CCS2,False,False,False
159,28,80,20260905,2026-09-05 08:47:35.058620287,2026-09-05 13:15:35.058620287,25.3,98.0,32.837,6.6,268,2.0,394.04,True,TYPE 2,False,False,False
160,28,179,20260909,2026-09-09 13:10:01.113240682,2026-09-09 13:54:01.113240682,5.0,76.0,30.97,40.47,44,6.0,619.4,True,CCS2,False,False,False
161,29,100,20260526,2026-05-26 10:48:21.480747712,2026-05-26 11:23:21.480747712,31.7,70.3,10.422,18.15,35,1.0,239.71,True,CCS2,False,False,False
162,29,5,20260625,2026-06-25 11:14:32.060623217,2026-06-25 12:00:32.060623217,27.8,82.8,14.628,18.34,46,0.0,307.19,True,CCS2,False,False,False
163,30,158,20260408,2026-04-08 14:17:41.438073344,2026-04-08 20:10:41.438073344,5.0,95.4,19.387,2.99,353,9.0,277.23,True,TYPE 2,False,False,False
164,30,90,20260422,2026-04-22 08:52:36.400935611,2026-04-22 09:37:36.400935611,5.0,82.6,16.818,22.19,45,7.0,370.0,True,CCS2,False,False,False
165,30,5,20260426,2026-04-26 13:20:42.480872084,2026-04-26 14:07:42.480872084,11.8,83.8,15.526,18.44,47,2.0,326.05,True,CCS2,False,False,False
166,30,49,20260510,2026-05-10 10:24:45.703387165,2026-05-10 11:07:45.703387165,5.0,74.6,15.014,20.48,43,1.0,300.28,True,CCS2,False,False,False
167,30,108,20260518,2026-05-18 13:48:13.660225073,2026-05-18 14:42:13.660225073,5.0,78.7,15.982,16.7,54,1.0,367.59,True,CCS2,False,False,False
168,30,108,20260523,2026-05-23 09:52:41.056776972,2026-05-23 10:38:41.056776972,5.0,82.5,16.583,19.9,46,5.0,381.41,True,CCS2,False,False,False
169,30,100,20260526,2026-05-26 16:44:26.364565181,2026-05-26 17:29:26.364565181,5.0,82.6,16.542,22.03,45,5.0,380.47,True,CCS2,False,False,False
170,30,11,20260614,2026-06-14 14:25:48.990453871,2026-06-14 15:15:48.990453871,5.0,70.8,14.332,17.11,50,3.0,331.07,True,CCS2,False,False,False
171,30,52,20260616,2026-06-16 09:24:12.555962803,2026-06-16 10:07:12.555962803,5.0,75.0,14.268,20.04,43,9.0,285.36,True,CCS2,False,False,False
172,30,52,20260617,2026-06-17 14:27:16.355825175,2026-06-17 15:12:16.355825175,5.0,78.1,15.844,20.61,45,2.0,316.88,True,CCS2,False,False,False
173,30,11,20260618,2026-06-18 13:26:09.969325773,2026-06-18 14:12:09.969325773,5.0,74.7,14.374,19.37,46,0.0,301.85,True,CCS2,False,False,False
174,30,98,20260630,2026-06-30 12:54:05.692016130,2026-06-30 18:01:05.692016130,5.0,86.2,17.459,3.07,307,4.0,209.51,True,TYPE 2,False,False,False
175,30,100,20260701,2026-07-01 18:30:55.316924207,2026-07-01 19:15:55.316924207,5.0,83.9,17.128,21.68,45,0.0,393.94,True,CCS2,False,False,False
176,30,100,20260704,2026-07-04 16:16:27.397378085,2026-07-04 17:03:27.397378085,5.0,75.6,90.0,18.17,47,2.0,343.18,True,CCS2,True,False,False
177,30,144,20260707,2026-07-07 09:58:50.893295940,2026-07-07 10:41:50.893295940,5.0,74.2,14.525,20.52,43,8.0,343.52,True,CCS2,False,False,False
178,30,98,20260722,2026-07-22 12:57:28.846744267,2026-07-22 18:38:28.846744267,5.0,94.9,18.698,3.05,341,4.0,224.38,True,TYPE 2,False,False,False
179,30,11,20260730,2026-07-30 13:06:19.950461832,2026-07-30 13:51:19.950461832,5.0,83.5,15.917,22.5,45,6.0,367.68,True,CCS2,False,False,False
180,30,98,20260809,2026-08-09 12:08:40.291970465,2026-08-09 17:22:40.291970465,5.0,86.6,16.498,3.03,314,0.0,217.77,True,TYPE 2,False,False,False
181,30,49,20260810,2026-08-10 13:37:19.379989565,2026-08-10 14:31:19.379989565,5.0,80.0,16.347,16.58,54,2.0,326.94,True,CCS2,False,False,False
182,30,100,20260815,2026-08-15 13:48:00.513559944,2026-08-15 14:34:00.513559944,5.0,78.6,15.68,20.59,46,0.0,396.7,True,CCS2,False,False,False
183,30,70,20260820,2026-08-20 12:55:04.582132827,2026-08-20 13:36:04.582132827,5.0,70.8,14.085,21.11,41,7.0,281.7,True,CCS2,False,False,False
184,30,108,20260822,2026-08-22 11:16:34.842517826,2026-08-22 11:57:34.842517826,5.0,73.7,14.452,20.64,41,5.0,332.4,True,CCS2,False,False,False
185,30,49,20260826,2026-08-26 16:32:31.712543826,2026-08-26 17:22:31.712543826,5.0,71.2,13.475,16.38,50,1.0,296.45,True,CCS2,False,False,False
186,30,100,20260828,2026-08-28 10:39:44.295674576,2026-08-28 11:29:44.295674576,15.8,83.2,13.917,16.75,50,3.0,320.09,True,CCS2,False,False,False
187,30,90,20260905,2026-09-05 12:09:03.420569027,2026-09-05 12:52:03.420569027,5.0,79.2,15.999,22.37,43,9.0,351.98,True,CCS2,False,False,False
188,30,64,20260910,2026-09-10 13:22:30.635316072,2026-09-10 19:10:30.635316072,5.0,99.9,20.654,3.17,348,0.0,206.54,True,TYPE 2,False,False,False
189,30,144,20260910,2026-09-10 19:29:17.983651300,2026-09-10 20:25:17.983651300,5.0,83.9,16.238,17.96,56,6.0,349.12,True,CCS2,False,False,False
190,30,64,20260912,2026-09-12 10:41:42.794320262,2026-09-12 16:18:42.794320262,5.0,96.4,19.421,3.15,337,1.0,194.21,True,TYPE 2,False,False,False
191,30,90,20260914,2026-09-14 14:55:39.342132567,2026-09-14 15:42:39.342132567,5.0,82.8,16.536,19.68,47,2.0,363.79,True,CCS2,False,False,False
192,30,108,20260918,2026-09-18 15:49:13.346675388,2026-09-18 16:43:13.346675388,5.0,77.6,14.816,17.35,54,4.0,340.77,True,CCS2,False,False,False
193,30,11,20260919,2026-09-19 13:34:11.066038902,2026-09-19 14:24:11.066038902,5.0,80.1,16.091,19.2,50,7.0,337.91,True,CCS2,False,False,False
194,34,15,20260423,2026-04-23 11:29:07.499991355,2026-04-23 14:45:07.499991355,5.0,90.3,23.6,6.89,196,2.0,259.6,True,TYPE 2,False,False,False
195,34,128,20260507,2026-05-07 11:30:32.362821944,2026-05-07 17:43:32.362821944,24.0,95.7,19.917,3.04,373,2.0,209.13,True,TYPE 2,False,False,False
196,34,8,20260513,2026-05-13 17:23:04.840958604,2026-05-13 21:03:04.840958604,5.0,96.0,25.589,6.62,220,7.0,309.63,True,TYPE 2,False,False,False
197,34,45,20260609,2026-06-09 14:24:55.327564235,2026-06-09 14:55:55.327564235,13.8,72.4,16.519,33.25,31,2.0,330.38,True,CCS2,False,False,False
198,34,8,20260621,2026-06-21 11:59:06.670531346,2026-06-21 14:46:06.670531346,27.1,99.3,20.243,6.97,167,5.0,222.67,True,TYPE 2,False,False,False
199,34,27,20260628,2026-06-28 12:37:48.524287412,2026-06-28 18:06:48.524287412,28.9,92.0,17.299,3.01,329,3.0,379.48,True,TYPE 2,False,False,True
200,34,47,20260720,2026-07-20 15:40:53.664546966,2026-07-20 16:10:53.664546966,5.0,71.1,19.364,38.46,30,6.0,387.28,True,CCS2,False,False,False
201,34,8,20260725,2026-07-25 11:05:44.435964547,2026-07-25 13:48:44.435964547,16.5,85.7,19.609,6.71,163,3.0,215.7,True,TYPE 2,False,False,False
202,34,27,20260725,2026-07-25 18:30:06.167870801,2026-07-26 02:06:06.167870801,6.7,98.0,25.799,3.15,456,8.0,283.79,True,TYPE 2,False,False,False
203,34,27,20260802,2026-08-02 16:16:39.511801204,2026-08-02 23:49:39.511801204,5.0,96.0,25.616,3.17,453,6.0,281.78,True,TYPE 2,False,False,False
204,34,48,20260818,2026-08-18 11:37:56.111779694,2026-08-18 12:08:56.111779694,5.0,75.3,19.284,40.0,31,3.0,424.25,True,CCS2,False,False,False
205,34,55,20260823,2026-08-23 13:12:41.257454318,2026-08-23 13:49:41.257454318,16.6,83.3,18.722,32.78,37,8.0,374.44,True,CCS2,False,False,False
206,37,12,20260511,2026-05-11 13:18:54.151505733,2026-05-11 13:44:54.151505733,12.7,71.2,17.059,39.9,26,19.0,358.24,True,CCS2,False,False,False
207,37,137,20260528,2026-05-28 12:42:49.306541612,2026-05-28 13:03:49.306541612,24.8,75.3,14.844,43.09,21,10.0,319.15,True,CCS2,False,False,False
208,37,63,20260608,2026-06-08 09:43:38.566129794,2026-06-08 15:51:38.566129794,14.6,87.1,21.053,3.12,368,10.0,231.58,True,TYPE 2,False,False,False
209,37,163,20260620,2026-06-20 11:19:34.078253517,2026-06-20 11:45:34.078253517,14.6,79.2,19.092,43.02,26,17.0,458.21,True,CCS2,False,False,False
210,37,23,20260702,2026-07-02 10:26:36.590465303,2026-07-02 11:02:36.590465303,21.7,73.3,15.027,24.51,36,11.0,315.57,True,CCS2,False,False,False
211,37,54,20260829,2026-08-29 09:50:18.304431718,2026-08-29 10:34:18.304431718,20.8,77.4,16.512,22.86,44,19.0,363.26,True,CCS2,False,False,False
212,37,59,20260906,2026-09-06 11:26:01.582635661,2026-09-06 11:53:01.582635661,14.5,72.9,16.356,36.13,27,15.0,327.12,True,CCS2,False,False,False
213,37,142,20260915,2026-09-15 08:30:38.964191798,2026-09-15 11:42:38.964191798,9.1,92.9,23.358,6.91,192,15.0,268.62,True,TYPE 2,False,False,False
214,38,180,20260711,2026-07-11 13:19:12.855342841,2026-07-11 13:52:12.855342841,31.9,73.1,13.692,24.87,33,10.0,273.84,True,CCS2,False,False,False
215,39,82,20260401,2026-04-01 18:25:59.043167236,2026-04-01 23:21:59.043167236,25.8,88.7,16.903,3.11,296,19.0,202.84,True,TYPE 2,False,False,False
216,39,177,20260405,2026-04-05 12:00:23.027322425,2026-04-05 14:13:23.027322425,24.2,86.7,15.922,6.97,133,10.0,183.9,True,TYPE 2,False,False,False
217,39,82,20260410,2026-04-10 10:10:48.857106678,2026-04-10 17:16:48.857106678,5.0,97.9,23.699,3.17,426,18.0,284.39,True,TYPE 2,False,False,False
218,39,92,20260418,2026-04-18 11:58:24.955050199,2026-04-18 14:55:24.955050199,5.8,85.1,20.472,6.52,177,16.0,245.66,True,TYPE 2,False,False,False
219,39,92,20260502,2026-05-02 17:28:45.318735304,2026-05-02 20:16:45.318735304,15.6,94.4,20.251,6.83,168,12.0,243.01,True,TYPE 2,False,False,False
220,39,60,20260624,2026-06-24 17:16:44.174775159,2026-06-24 18:16:44.174775159,6.3,83.9,20.153,20.07,60,17.0,403.06,True,CCS2,False,False,False
221,39,180,20260713,2026-07-13 10:05:20.027924882,2026-07-13 10:43:20.027924882,27.2,74.2,11.955,20.72,38,11.0,239.1,True,CCS2,False,False,False
222,39,118,20260802,2026-08-02 10:39:52.851686958,2026-08-02 11:33:52.851686958,5.0,84.5,21.355,22.29,54,12.0,458.06,True,CCS2,False,False,False
223,39,118,20260809,2026-08-09 12:41:50.008535067,2026-08-09 13:22:50.008535067,15.2,72.2,14.568,21.35,41,16.0,284.08,True,CCS2,False,False,False
224,39,82,20260817,2026-08-17 12:07:31.943340730,2026-08-17 18:12:31.943340730,15.9,95.7,20.67,3.16,365,10.0,272.84,True,TYPE 2,False,False,False
225,39,177,20260912,2026-09-12 11:14:09.216443338,2026-09-12 13:29:09.216443338,25.3,89.3,16.33,6.92,135,17.0,171.46,True,TYPE 2,False,False,False
226,40,105,20260409,2026-04-09 09:31:38.355716370,2026-04-09 10:03:38.355716370,29.6,83.1,11.6,20.95,32,8.0,266.8,True,CCS2,False,False,False
227,40,88,20260430,2026-04-30 12:43:38.034813945,2026-04-30 13:21:38.034813945,20.8,84.0,90.0,21.62,38,9.0,295.39,True,CCS2,True,True,False
228,40,89,20260810,2026-08-10 17:49:34.716077575,2026-08-10 18:28:34.716077575,11.0,74.8,13.192,20.75,39,0.0,319.25,True,CCS2,False,False,False
229,41,115,20260812,2026-08-12 11:59:41.543523623,2026-08-12 12:19:41.543523623,28.8,76.7,32.753,104.53,20,7.0,753.32,True,CCS2,False,False,False
230,41,56,20260817,2026-08-17 14:19:44.220511246,2026-08-18 05:02:44.220511246,21.4,91.9,47.13,3.04,883,4.0,471.3,True,TYPE 2,False,False,False
231,41,94,20260827,2026-08-27 12:04:57.073539894,2026-08-27 14:22:57.073539894,13.3,83.4,47.394,19.65,138,8.0,1042.67,True,CCS2,False,False,False
232,42,90,20260903,2026-09-03 19:18:45.018940699,2026-09-03 19:58:45.018940699,29.5,81.7,25.163,39.51,40,6.0,553.59,True,CCS2,False,False,False
233,43,110,20260420,2026-04-20 19:22:32.946360948,2026-04-20 20:00:32.946360948,10.1,81.5,57.777,90.0,38,8.0,1328.87,True,CCS2,False,False,False
234,43,93,20260425,2026-04-25 22:50:20.536498141,2026-04-25 23:26:20.536498141,5.0,73.2,55.284,97.24,36,0.0,1216.25,True,CCS2,False,False,False
235,43,6,20260427,2026-04-27 21:59:09.731527841,2026-04-27 23:13:09.731527841,5.0,79.1,58.874,48.22,74,8.0,1236.35,True,CCS2,False,False,False
236,43,37,20260522,2026-05-22 10:56:37.299050757,2026-05-22 11:39:37.299050757,5.0,81.7,61.164,86.42,43,5.0,1412.89,True,CCS2,False,False,False
237,43,6,20260615,2026-06-15 14:10:32.725089458,2026-06-15 15:17:32.725089458,5.0,79.2,62.499,50.99,67,4.0,1443.73,True,CCS2,False,False,False
238,43,96,20260701,2026-07-01 20:27:49.149269480,2026-07-01 21:10:49.149269480,5.0,77.9,61.059,84.73,43,6.0,1343.3,True,CCS2,False,False,False
239,43,37,20260714,2026-07-14 22:20:50.943279213,2026-07-14 23:06:50.943279213,5.0,71.1,55.84,69.41,46,2.0,1172.64,True,CCS2,False,False,False
240,43,37,20260722,2026-07-22 20:25:48.565831667,2026-07-22 21:18:48.565831667,5.5,77.3,59.4,66.78,53,1.0,1247.4,True,CCS2,False,False,False
241,43,16,20260806,2026-08-06 19:33:01.915852596,2026-08-07 03:46:01.915852596,20.2,92.5,59.274,6.65,493,2.0,652.01,True,TYPE 2,False,False,False
242,43,37,20260809,2026-08-09 10:05:35.379783614,2026-08-09 10:40:35.379783614,20.5,80.7,51.229,80.4,35,2.0,1075.81,True,CCS2,False,False,False
243,43,37,20260810,2026-08-10 20:37:29.460185303,2026-08-10 21:19:29.460185303,5.0,80.3,64.063,87.81,42,3.0,1345.32,True,CCS2,False,False,False
244,43,6,20260811,2026-08-11 18:38:11.235608670,2026-08-11 19:34:11.235608670,20.3,74.0,45.309,44.59,56,4.0,1046.64,True,CCS2,False,False,False
245,43,16,20260813,2026-08-13 15:33:03.126686738,2026-08-14 00:00:03.126686738,18.8,96.1,62.259,6.91,507,4.0,684.85,True,TYPE 2,False,False,False
246,43,129,20260918,2026-09-18 14:13:55.866553118,2026-09-18 14:52:55.866553118,5.0,75.5,57.071,89.6,39,3.0,1112.88,True,CCS2,False,False,False
247,44,161,20260413,2026-04-13 09:57:13.389004463,2026-04-13 10:36:13.389004463,23.7,74.1,12.745,19.54,39,12.0,305.88,True,CCS2,False,False,False
248,44,161,20260413,2026-04-13 21:21:01.665140187,2026-04-13 22:14:01.665140187,5.0,82.7,20.276,22.27,53,12.0,486.62,True,CCS2,False,False,False
249,44,163,20260522,2026-05-22 12:26:42.237381501,2026-05-22 13:08:42.237381501,28.3,74.6,11.845,18.16,42,17.0,284.28,True,CCS2,False,False,False
250,44,137,20260605,2026-06-05 12:41:24.492302905,2026-06-05 13:22:24.492302905,28.5,80.6,13.857,19.78,41,17.0,297.93,True,CCS2,False,False,False
251,44,161,20260607,2026-06-07 13:49:58.421271005,2026-06-07 14:31:58.421271005,14.5,70.3,14.266,21.78,42,13.0,342.38,True,CCS2,False,False,False
252,44,17,20260619,2026-06-19 14:46:28.787105583,2026-06-19 15:26:28.787105583,29.0,80.2,13.744,19.6,40,9.0,288.62,True,CCS2,False,False,False
253,44,124,20260621,2026-06-21 12:02:51.541694906,2026-06-21 12:55:51.541694906,5.0,83.2,20.285,22.31,53,14.0,435.11,True,CCS2,False,False,False
254,44,12,20260621,2026-06-21 16:52:09.496889045,2026-06-21 17:34:09.496889045,25.9,71.8,12.105,17.88,42,11.0,254.21,True,CCS2,False,False,False
255,44,137,20260702,2026-07-02 14:07:53.119331129,2026-07-02 14:43:53.119331129,28.0,76.2,12.713,21.18,36,9.0,300.66,True,CCS2,False,False,False
256,44,54,20260717,2026-07-17 11:36:12.008787455,2026-07-17 12:30:12.008787455,5.2,78.5,19.943,21.63,54,11.0,398.86,True,CCS2,False,False,False
257,44,54,20260725,2026-07-25 09:27:54.285212975,2026-07-25 10:21:54.285212975,5.0,79.3,19.343,20.7,54,12.0,386.86,True,CCS2,False,False,False
258,44,142,20260802,2026-08-02 14:52:37.419289986,2026-08-02 17:49:37.419289986,20.6,98.5,20.706,6.5,177,19.0,238.12,True,TYPE 2,False,False,False
259,44,170,20260807,2026-08-07 14:05:14.972167087,2026-08-07 14:56:14.972167087,5.0,72.3,17.842,20.44,51,12.0,339.0,True,CCS2,False,False,False
260,44,23,20260820,2026-08-20 16:08:10.963201915,2026-08-20 16:55:10.963201915,18.0,73.0,13.99,17.62,47,11.0,323.17,True,CCS2,False,False,False
261,44,54,20260822,2026-08-22 11:15:08.464284750,2026-08-22 12:04:08.464284750,24.5,81.1,14.831,17.88,49,19.0,296.62,True,CCS2,False,False,False
262,44,42,20260907,2026-09-07 10:38:03.047327971,2026-09-07 11:31:03.047327971,5.0,73.9,18.4,20.39,53,19.0,368.0,True,CCS2,False,False,False
263,44,63,20260913,2026-09-13 16:16:59.850310994,2026-09-13 21:18:59.850310994,28.8,94.4,17.292,3.18,302,15.0,190.21,True,TYPE 2,False,False,False
264,46,46,20260419,2026-04-19 12:41:58.932915203,2026-04-19 13:40:58.932915203,11.3,82.5,33.987,34.13,59,9.0,679.74,True,CCS2,False,False,False
265,46,104,20260503,2026-05-03 11:44:34.862993013,2026-05-03 12:20:34.862993013,24.6,72.9,24.71,41.79,36,15.0,568.33,True,CCS2,False,False,False
266,46,26,20260513,2026-05-13 11:12:18.740915547,2026-05-13 16:10:18.740915547,23.2,94.4,35.134,6.51,298,8.0,386.47,True,TYPE 2,False,False,False
267,46,151,20260529,2026-05-29 16:01:18.285646904,2026-05-29 17:24:18.285646904,5.0,75.2,34.28,23.98,83,9.0,582.76,True,CCS2,False,False,False
268,46,181,20260616,2026-06-16 17:46:24.712848263,2026-06-16 23:06:24.712848263,19.9,98.7,37.976,6.71,320,11.0,398.75,True,TYPE 2,False,False,False
269,46,46,20260709,2026-07-09 11:49:59.408351589,2026-07-09 12:34:59.408351589,25.9,79.1,25.725,34.52,45,15.0,514.5,True,CCS2,False,False,False
270,46,46,20260716,2026-07-16 20:21:11.303714480,2026-07-16 21:06:11.303714480,14.5,73.9,28.308,37.52,45,14.0,566.16,True,CCS2,False,False,False
271,46,38,20260721,2026-07-21 15:30:59.710173386,2026-07-21 16:09:59.710173386,23.6,74.0,25.304,39.51,39,13.0,531.38,True,CCS2,False,False,False
272,46,121,20260807,2026-08-07 08:06:35.179465047,2026-08-07 13:42:35.179465047,5.0,88.2,41.304,6.8,336,15.0,433.69,True,TYPE 2,False,False,False
273,46,181,20260826,2026-08-26 09:55:48.826010972,2026-08-26 15:02:48.826010972,24.2,98.5,37.327,6.6,307,17.0,391.93,True,TYPE 2,False,False,False
274,46,167,20260913,2026-09-13 12:59:16.386810417,2026-09-13 18:59:16.386810417,5.0,96.0,45.964,6.92,360,17.0,657.29,True,TYPE 2,False,False,False
275,47,64,20260701,2026-07-01 10:16:54.071484398,2026-07-01 14:32:54.071484398,27.1,88.5,30.51,6.53,256,5.0,305.1,True,TYPE 2,False,False,False
276,47,70,20260828,2026-08-28 13:56:57.126419580,2026-08-28 14:27:57.126419580,34.9,70.3,17.012,34.19,31,0.0,340.24,True,CCS2,False,False,False
277,51,55,20260419,2026-04-19 14:19:30.674627824,2026-04-19 15:01:30.674627824,27.9,75.3,15.119,23.38,42,1.0,332.62,True,CCS2,False,False,False
278,51,27,20260612,2026-06-12 12:07:32.725212158,2026-06-12 18:01:32.725212158,32.2,92.8,20.301,3.11,354,0.0,223.31,True,TYPE 2,False,False,False
279,52,57,20260726,2026-07-26 14:55:29.473682976,2026-07-26 15:52:29.473682976,10.7,80.5,33.837,34.86,57,7.0,744.41,True,CCS2,False,False,False
280,52,56,20260811,2026-08-11 12:06:09.858821278,2026-08-12 01:15:09.858821278,5.0,96.9,44.54,3.16,789,5.0,445.4,True,TYPE 2,False,False,False
281,52,134,20260820,2026-08-20 11:44:29.557085947,2026-08-20 17:28:29.557085947,5.0,87.9,40.108,6.55,344,4.0,461.24,True,TYPE 2,False,False,False
282,52,94,20260906,2026-09-06 11:36:41.469853805,2026-09-06 12:53:41.469853805,26.2,84.2,28.838,21.41,77,8.0,634.44,True,CCS2,False,False,False
283,53,109,20260412,2026-04-12 13:41:36.270659372,2026-04-12 14:04:36.270659372,23.5,71.4,13.563,37.94,23,10.0,311.95,True,CCS2,False,False,False
284,53,109,20260508,2026-05-08 08:23:26.563031076,2026-05-08 08:43:26.563031076,33.3,84.7,15.076,44.12,20,18.0,346.75,True,CCS2,False,False,False
285,53,121,20260522,2026-05-22 07:43:34.940351572,2026-05-22 10:30:34.940351572,20.0,92.7,20.41,6.96,167,16.0,214.31,True,TYPE 2,False,False,False
286,54,147,20260327,2026-03-27 11:01:15.667421523,2026-03-27 11:30:15.667421523,5.0,73.8,19.161,43.81,29,3.0,358.31,True,CCS2,False,False,False
287,54,36,20260424,2026-04-24 12:05:08.676691828,2026-04-24 18:01:08.676691828,15.7,86.3,20.624,3.12,356,3.0,226.86,True,TYPE 2,False,False,False
288,54,86,20260504,2026-05-04 16:33:52.775839480,2026-05-04 17:06:52.775839480,5.0,81.4,21.017,43.35,33,4.0,508.61,True,CCS2,False,False,False
289,54,35,20260512,2026-05-12 13:48:58.563764384,2026-05-12 14:14:58.563764384,5.0,70.1,18.029,42.24,26,2.0,416.47,True,CCS2,False,False,False
290,54,117,20260516,2026-05-16 18:30:48.314507794,2026-05-16 19:01:48.314507794,5.7,78.2,20.938,40.73,31,9.0,408.29,True,CCS2,False,False,False
291,54,58,20260531,2026-05-31 17:54:26.193354783,2026-05-31 18:30:26.193354783,5.0,80.7,22.322,38.28,36,4.0,491.08,True,CCS2,False,False,False
292,54,95,20260614,2026-06-14 13:50:29.993554544,2026-06-14 16:29:29.993554544,24.1,89.7,19.127,6.65,159,6.0,229.52,True,TYPE 2,False,False,False
293,54,157,20260728,2026-07-28 09:06:13.066562577,2026-07-28 09:26:13.066562577,28.6,79.6,14.046,44.07,20,4.0,337.1,True,CCS2,False,False,False
294,54,58,20260810,2026-08-10 11:56:12.542716014,2026-08-10 12:25:12.542716014,25.4,81.2,15.473,36.26,29,6.0,340.41,True,CCS2,False,False,False
295,54,77,20260818,2026-08-18 14:52:19.015911368,2026-08-18 15:20:19.015911368,20.1,78.6,16.242,35.5,28,1.0,357.32,True,CCS2,False,False,False
296,54,139,20260819,2026-08-19 14:30:54.165815448,2026-08-19 15:00:54.165815448,5.0,74.2,19.759,42.88,30,9.0,424.82,True,CCS2,False,False,False
297,54,162,20260914,2026-09-14 11:39:21.583654578,2026-09-14 12:08:21.583654578,10.7,81.0,19.981,42.32,29,4.0,479.54,True,CCS2,False,False,False
298,56,127,20260330,2026-03-30 12:25:59.422803268,2026-03-30 13:36:59.422803268,5.0,80.1,25.355,20.5,71,15.0,494.42,True,CCS2,False,False,False
299,56,38,20260331,2026-03-31 12:02:31.239445900,2026-03-31 12:59:31.239445900,5.0,73.0,22.961,22.74,57,18.0,482.18,True,CCS2,False,False,False
300,56,46,20260407,2026-04-07 10:26:19.060348355,2026-04-07 11:16:19.060348355,19.0,84.7,22.24,26.29,50,18.0,444.8,True,CCS2,False,False,False
301,56,73,20260414,2026-04-14 16:03:35.862228228,2026-04-14 19:45:35.862228228,5.0,85.6,27.378,6.65,222,18.0,273.78,True,TYPE 2,False,False,False
302,56,181,20260515,2026-05-15 11:02:50.857348859,2026-05-15 14:48:50.857348859,11.4,95.9,26.985,6.91,226,13.0,283.34,True,TYPE 2,False,False,False
303,56,167,20260515,2026-05-15 17:14:13.602682512,2026-05-15 20:37:13.602682512,12.8,89.2,25.028,6.97,203,19.0,325.36,True,TYPE 2,False,False,False
304,56,73,20260519,2026-05-19 09:44:06.944185578,2026-05-19 13:07:06.944185578,10.9,86.8,25.349,6.79,203,19.0,278.84,True,TYPE 2,False,False,False
305,56,167,20260521,2026-05-21 13:06:44.203633353,2026-05-21 17:09:44.203633353,5.0,98.0,30.276,6.98,243,14.0,393.59,True,TYPE 2,False,False,False
306,56,38,20260527,2026-05-27 14:07:44.473823929,2026-05-27 15:15:44.473823929,5.0,80.5,24.993,21.63,68,18.0,524.85,True,CCS2,False,False,False
307,56,121,20260601,2026-06-01 10:04:34.898747732,2026-06-01 13:40:34.898747732,5.0,85.3,27.044,6.84,216,18.0,283.96,True,TYPE 2,False,False,False
308,56,46,20260625,2026-06-25 11:58:10.137755245,2026-06-25 12:43:10.137755245,23.5,80.0,18.281,23.96,45,15.0,365.62,True,CCS2,False,False,False
309,56,1,20260715,2026-07-15 07:45:13.712554507,2026-07-15 08:44:13.712554507,5.0,84.8,27.128,25.16,59,9.0,569.69,True,CCS2,False,False,False
310,56,102,20260722,2026-07-22 10:59:50.815273517,2026-07-22 12:15:50.815273517,5.0,84.5,25.882,20.03,76,11.0,595.29,True,CCS2,False,False,False
311,56,10,20260825,2026-08-25 10:08:44.836808913,2026-08-25 11:05:44.836808913,19.7,78.7,18.83,19.97,57,19.0,395.43,True,CCS2,False,False,False
312,56,72,20260825,2026-08-25 16:26:11.727345838,2026-08-25 19:59:11.727345838,18.6,98.4,27.012,6.9,213,13.0,270.12,True,TYPE 2,False,False,False
313,56,104,20260829,2026-08-29 11:46:44.466371371,2026-08-29 12:43:44.466371371,9.4,77.7,22.93,23.66,57,9.0,580.13,True,CCS2,False,False,False
314,56,21,20260829,2026-08-29 14:34:09.502515150,2026-08-29 15:12:09.502515150,29.7,73.0,14.381,21.6,38,18.0,302.0,True,CCS2,False,False,False
315,60,14,20260717,2026-07-17 10:04:22.146493082,2026-07-17 16:52:22.146493082,19.8,91.4,23.024,3.19,408,10.0,253.26,True,TYPE 2,False,False,False
316,63,100,20260724,2026-07-24 09:14:18.099899770,2026-07-24 09:58:18.099899770,27.4,81.2,17.556,24.69,44,7.0,403.79,True,CCS2,False,False,False
317,63,158,20260814,2026-08-14 14:08:23.207878778,2026-08-14 22:09:23.207878778,12.8,91.8,26.672,2.98,481,7.0,346.74,True,TYPE 2,False,False,False
318,64,124,20260329,2026-03-29 12:19:23.115419149,2026-03-29 12:52:23.115419149,25.6,71.7,12.917,23.66,33,19.0,251.88,True,CCS2,False,False,False
319,64,42,20260411,2026-04-11 08:00:36.316541673,2026-04-11 08:34:36.316541673,5.0,83.2,23.094,42.51,34,13.0,461.88,True,CCS2,False,False,False
320,64,170,20260423,2026-04-23 07:27:20.591038759,2026-04-23 08:06:20.591038759,19.7,71.1,15.066,21.48,39,13.0,286.25,True,CCS2,False,False,False
321,64,59,20260426,2026-04-26 12:56:44.546356931,2026-04-26 13:20:44.546356931,18.0,78.4,17.258,42.85,24,11.0,379.68,True,CCS2,False,False,False
322,64,170,20260629,2026-06-29 15:48:42.896096085,2026-06-29 16:29:42.896096085,24.0,80.1,16.006,24.19,41,13.0,304.11,True,CCS2,False,False,False
323,64,124,20260717,2026-07-17 11:33:04.786386738,2026-07-17 12:15:04.786386738,26.2,77.5,14.993,21.03,42,13.0,321.6,True,CCS2,False,False,False
324,64,137,20260725,2026-07-25 12:49:07.177759640,2026-07-25 13:16:07.177759640,7.7,77.9,20.251,43.72,27,19.0,435.4,True,CCS2,False,False,False
325,64,137,20260819,2026-08-19 10:49:41.732482435,2026-08-19 11:22:41.732482435,13.9,77.9,17.567,33.97,33,8.0,377.69,True,CCS2,False,False,False
326,65,172,20260819,2026-08-19 11:56:56.136024668,2026-08-19 13:09:56.136024668,12.0,70.5,25.142,20.32,73,8.0,525.47,True,CCS2,False,False,False
327,66,59,20260420,2026-04-20 16:15:16.866570559,2026-04-20 16:43:16.866570559,26.8,79.1,24.93,53.66,28,9.0,498.6,True,CCS2,False,False,False
328,66,17,20260427,2026-04-27 19:45:08.618097796,2026-04-27 20:10:08.618097796,27.9,70.5,20.43,50.09,25,8.0,429.03,True,CCS2,False,False,False
329,66,54,20260429,2026-04-29 12:01:11.483730763,2026-04-29 13:18:11.483730763,22.1,76.0,27.265,19.75,77,11.0,545.3,True,CCS2,False,False,False
330,66,137,20260506,2026-05-06 16:50:03.657325173,2026-05-06 17:36:03.657325173,19.8,81.4,29.769,38.06,46,9.0,640.03,True,CCS2,False,False,False
331,66,12,20260511,2026-05-11 10:36:31.427155300,2026-05-11 11:28:31.427155300,5.0,77.8,34.935,38.61,52,15.0,733.63,True,CCS2,False,False,False
332,66,12,20260529,2026-05-29 12:54:16.017548636,2026-05-29 13:35:16.017548636,28.9,80.3,26.204,38.04,41,18.0,550.28,True,CCS2,False,False,False
333,66,137,20260626,2026-06-26 16:00:15.510418871,2026-06-26 16:56:15.510418871,5.0,72.1,32.415,35.31,56,14.0,696.92,True,CCS2,False,False,False
334,66,54,20260627,2026-06-27 17:50:24.964892433,2026-06-27 19:31:24.964892433,9.7,83.9,36.112,20.52,101,17.0,794.46,True,CCS2,False,False,False
335,66,23,20260716,2026-07-16 11:54:50.033699961,2026-07-16 12:44:50.033699961,27.3,70.8,21.726,25.48,50,12.0,456.25,True,CCS2,False,False,False
336,66,42,20260807,2026-08-07 11:27:46.614585459,2026-08-07 12:08:46.614585459,16.4,84.9,33.731,49.27,41,10.0,742.08,True,CCS2,False,False,False
337,66,17,20260821,2026-08-21 14:19:44.186485242,2026-08-21 14:55:44.186485242,23.5,74.2,25.183,40.95,36,12.0,528.84,True,CCS2,False,False,False
338,66,12,20260909,2026-09-09 13:00:33.975276204,2026-09-09 13:56:33.975276204,5.0,70.0,31.078,33.13,56,11.0,652.64,True,CCS2,False,False,False
339,68,71,20260513,2026-05-13 16:31:25.372606865,2026-05-13 16:57:25.372606865,29.1,84.9,15.412,41.67,26,3.0,308.24,True,CCS2,False,False,False
340,71,134,20260401,2026-04-01 11:19:18.828644126,2026-04-01 14:01:18.828644126,13.4,86.8,19.959,6.61,162,4.0,229.53,True,TYPE 2,False,False,False
341,71,178,20260413,2026-04-13 10:00:32.870914788,2026-04-13 14:47:32.870914788,27.3,86.9,15.705,3.04,287,4.0,181.39,True,TYPE 2,False,False,False
342,71,168,20260427,2026-04-27 13:48:51.119737598,2026-04-27 19:50:51.119737598,23.8,99.6,20.338,3.04,362,5.0,223.72,True,TYPE 2,False,False,False
343,71,115,20260501,2026-05-01 09:21:41.937877608,2026-05-01 09:57:41.937877608,22.7,70.7,12.495,21.76,36,0.0,287.38,True,CCS2,False,False,False
344,71,169,20260507,2026-05-07 09:20:03.625949990,2026-05-07 10:15:03.625949990,14.4,81.8,17.243,18.92,55,7.0,327.62,True,CCS2,False,False,False
345,71,168,20260524,2026-05-24 13:34:38.382720149,2026-05-24 20:20:38.382720149,5.0,92.4,22.125,3.12,406,1.0,221.25,True,TYPE 2,False,False,False
346,71,57,20260623,2026-06-23 10:59:45.147262234,2026-06-23 11:51:45.147262234,11.4,76.4,17.502,20.04,52,6.0,350.04,True,CCS2,False,False,False
347,71,57,20260707,2026-07-07 13:51:31.593577459,2026-07-07 14:51:31.593577459,11.1,74.8,17.145,16.8,60,8.0,342.9,True,CCS2,False,False,False
348,71,78,20260731,2026-07-31 15:07:55.873543471,2026-07-31 16:12:55.873543471,5.0,77.5,19.392,17.28,65,7.0,426.62,True,CCS2,False,False,False
349,71,178,20260804,2026-08-04 13:24:47.078216818,2026-08-04 18:46:47.078216818,16.3,85.2,17.437,3.1,322,0.0,183.09,True,TYPE 2,False,False,False
350,71,78,20260821,2026-08-21 07:49:28.391380831,2026-08-21 08:46:28.391380831,14.6,78.7,16.888,17.74,57,1.0,371.54,True,CCS2,False,False,False
351,71,132,20260830,2026-08-30 07:12:48.035846150,2026-08-30 08:00:48.035846150,24.0,78.6,14.11,17.0,48,5.0,275.14,True,CCS2,False,False,False
352,71,154,20260919,2026-09-19 07:55:56.876018034,2026-09-19 11:00:56.876018034,5.0,92.5,22.697,6.94,185,0.0,224.7,True,TYPE 2,False,False,False
353,73,81,20260914,2026-09-14 15:43:06.403889250,2026-09-14 16:15:06.403889250,26.9,75.5,21.876,42.98,32,4.0,481.27,True,CCS2,False,False,False
354,74,69,20260611,2026-06-11 08:05:38.263061682,2026-06-11 08:52:38.263061682,17.0,80.0,36.664,49.61,47,9.0,806.61,True,CCS2,False,False,False
355,74,56,20260714,2026-07-14 12:54:55.991679135,2026-07-14 23:09:55.991679135,28.7,87.3,35.654,3.17,615,7.0,356.54,True,TYPE 2,False,False,False
356,74,168,20260720,2026-07-20 20:27:01.409138293,2026-07-21 08:48:01.409138293,20.5,89.9,41.427,3.11,741,7.0,414.27,True,TYPE 2,False,False,False
357,74,69,20260916,2026-09-16 19:23:48.800553488,2026-09-16 20:10:48.800553488,8.3,73.2,38.554,51.21,47,6.0,771.08,True,CCS2,False,False,False
358,75,181,20260405,2026-04-05 12:35:07.755417664,2026-04-05 19:31:07.755417664,5.0,87.7,51.572,6.64,416,16.0,595.66,True,TYPE 2,False,False,False
359,75,73,20260411,2026-04-11 22:42:07.689270582,2026-04-12 06:40:07.689270582,5.0,98.8,54.321,6.52,478,16.0,543.21,True,TYPE 2,False,False,False
360,75,127,20260501,2026-05-01 21:20:43.115418885,2026-05-01 22:50:43.115418885,12.8,70.2,33.591,21.65,90,17.0,655.02,True,CCS2,False,False,False
361,75,121,20260503,2026-05-03 16:32:36.193120770,2026-05-03 22:50:36.193120770,9.8,88.1,46.859,6.89,378,14.0,541.22,True,TYPE 2,False,False,False
362,75,167,20260512,2026-05-12 10:11:36.152131855,2026-05-12 16:46:36.152131855,5.0,86.6,49.245,6.89,395,9.0,640.18,True,TYPE 2,False,False,False
363,75,9,20260515,2026-05-15 21:04:05.395064854,2026-05-15 22:12:05.395064854,5.6,74.1,41.818,34.55,68,14.0,966.0,True,CCS2,False,False,False
364,75,1,20260524,2026-05-24 13:37:07.192121025,2026-05-24 14:40:07.192121025,5.0,82.9,48.287,43.74,63,12.0,1014.03,True,CCS2,False,False,False
365,75,50,20260530,2026-05-30 15:33:07.581319141,2026-05-30 16:28:07.581319141,5.0,83.5,48.005,50.01,55,15.0,379.48,True,CCS2,False,False,True
366,75,38,20260530,2026-05-31 07:37:00.212274056,2026-05-31 08:24:00.212274056,5.0,83.8,48.292,57.39,47,8.0,1115.55,True,CCS2,False,False,False
367,75,127,20260605,2026-06-05 20:06:06.658301518,2026-06-05 21:44:06.658301518,16.4,85.0,42.657,23.92,98,19.0,914.99,True,CCS2,False,False,False
368,75,28,20260606,2026-06-06 22:01:46.711898014,2026-06-07 04:56:46.711898014,5.0,89.8,50.622,6.81,415,9.0,612.53,True,TYPE 2,False,False,False
369,75,121,20260608,2026-06-08 15:48:28.382435530,2026-06-08 22:31:28.382435530,17.0,99.9,48.463,6.88,403,16.0,508.86,True,TYPE 2,False,False,False
370,75,28,20260609,2026-06-09 23:11:37.161108967,2026-06-10 04:36:37.161108967,21.9,88.7,41.411,6.86,325,12.0,455.52,True,TYPE 2,False,False,False
371,75,167,20260616,2026-06-16 20:46:58.427941392,2026-06-17 03:17:58.427941392,10.1,86.0,46.613,6.48,391,15.0,605.97,True,TYPE 2,False,False,False
372,75,127,20260617,2026-06-17 21:25:04.221462773,2026-06-17 23:05:04.221462773,5.3,76.8,42.515,24.51,100,15.0,911.95,True,CCS2,False,False,False
373,75,21,20260629,2026-06-29 21:25:56.582588024,2026-06-29 22:06:56.582588024,9.3,73.4,37.98,58.24,41,12.0,797.58,True,CCS2,False,False,False
374,75,1,20260629,2026-06-30 05:26:50.748836016,2026-06-30 06:16:50.748836016,12.2,71.6,35.389,44.07,50,10.0,743.17,True,CCS2,False,False,False
375,75,73,20260731,2026-07-31 15:42:59.145993375,2026-07-31 22:48:59.145993375,5.0,94.4,55.597,6.96,426,18.0,555.97,True,TYPE 2,False,False,False
376,75,73,20260811,2026-08-11 14:00:00.161854187,2026-08-11 20:53:00.161854187,14.2,98.6,52.596,6.81,413,14.0,578.56,True,TYPE 2,False,False,False
377,75,19,20260817,2026-08-17 11:02:18.350670364,2026-08-17 12:10:18.350670364,6.9,73.7,40.962,34.19,68,9.0,860.2,True,CCS2,False,True,False
378,75,73,20260825,2026-08-25 15:46:37.308709692,2026-08-25 23:27:37.308709692,5.0,97.6,55.233,6.71,461,16.0,552.33,True,TYPE 2,False,False,False
379,76,12,20260326,2026-03-26 15:50:22.881901606,2026-03-26 16:32:22.881901606,13.1,78.2,14.156,19.94,42,14.0,297.28,True,CCS2,False,False,False
380,76,124,20260329,2026-03-29 15:45:40.415483520,2026-03-29 16:30:40.415483520,14.2,83.6,14.151,18.25,45,18.0,275.94,True,CCS2,False,False,False
381,76,23,20260330,2026-03-30 10:53:53.406160896,2026-03-30 11:47:53.406160896,5.0,75.4,14.229,16.32,54,18.0,298.81,True,CCS2,False,False,False
382,76,17,20260330,2026-03-30 17:32:57.214190097,2026-03-30 18:17:57.214190097,5.0,78.6,15.983,20.36,45,11.0,335.64,True,CCS2,False,False,False
383,76,59,20260402,2026-04-02 13:58:25.324371124,2026-04-02 14:47:25.324371124,5.0,75.1,15.142,17.67,49,18.0,302.84,True,CCS2,False,False,False
384,76,23,20260403,2026-04-03 14:04:10.348318103,2026-04-03 14:54:10.348318103,5.0,71.7,13.919,17.01,50,11.0,292.3,True,CCS2,False,False,False
385,76,59,20260415,2026-04-15 14:56:27.163910392,2026-04-15 15:41:27.163910392,5.0,71.0,14.274,18.59,45,10.0,314.03,True,CCS2,False,False,False
386,76,54,20260415,2026-04-15 21:10:58.591880270,2026-04-15 21:50:58.591880270,5.0,71.4,13.725,21.72,40,8.0,274.5,True,CCS2,False,False,False
387,76,161,20260418,2026-04-18 16:46:47.471691977,2026-04-18 17:30:47.471691977,5.0,81.4,16.549,21.64,44,10.0,397.18,True,CCS2,False,False,False
388,76,12,20260423,2026-04-23 09:22:49.253532486,2026-04-23 10:01:49.253532486,5.0,72.6,14.371,22.5,39,13.0,301.79,True,CCS2,False,False,False
389,76,23,20260511,2026-05-11 10:22:24.685294748,2026-05-11 11:13:24.685294748,5.0,71.6,14.185,16.45,51,14.0,297.88,True,CCS2,False,False,False
390,76,17,20260514,2026-05-14 17:20:19.427899270,2026-05-14 17:58:19.427899270,5.0,71.5,13.715,21.19,38,12.0,316.82,True,CCS2,False,False,False
391,76,63,20260518,2026-05-18 16:13:00.354571396,2026-05-18 22:10:00.354571396,5.0,97.7,18.944,3.0,357,19.0,189.44,True,TYPE 2,False,False,False
392,76,170,20260519,2026-05-19 20:07:58.755494403,2026-05-19 20:54:58.755494403,5.0,74.3,14.943,18.04,47,19.0,283.92,True,CCS2,False,False,False
393,76,12,20260531,2026-05-31 14:29:28.233143909,2026-05-31 15:25:28.233143909,5.0,81.6,16.073,16.74,56,12.0,337.53,True,CCS2,False,False,False
394,76,161,20260604,2026-06-04 17:27:44.166755118,2026-06-04 18:11:44.166755118,5.0,78.7,15.36,20.6,44,11.0,405.5,True,CCS2,False,False,False
395,76,42,20260606,2026-06-06 13:58:48.799826560,2026-06-06 14:39:48.799826560,5.0,70.1,13.334,19.18,41,13.0,266.68,True,CCS2,False,False,False
396,76,12,20260606,2026-06-06 22:17:43.121559010,2026-06-06 23:11:43.121559010,5.0,82.9,16.283,18.04,54,15.0,341.94,True,CCS2,False,False,False
397,76,142,20260610,2026-06-10 13:04:28.618429661,2026-06-10 17:59:28.618429661,18.2,97.1,16.585,3.13,295,13.0,190.73,True,TYPE 2,False,False,False
398,76,63,20260613,2026-06-13 11:59:58.506355592,2026-06-13 17:22:58.506355592,5.0,89.3,18.38,3.03,323,10.0,183.8,True,TYPE 2,False,False,False
399,76,23,20260619,2026-06-19 14:57:50.971113434,2026-06-19 15:40:50.971113434,5.0,71.4,14.146,20.21,43,10.0,297.07,True,CCS2,False,False,False
400,76,170,20260624,2026-06-24 15:57:21.058895873,2026-06-24 16:44:21.058895873,5.0,73.0,14.025,17.47,47,16.0,266.48,True,CCS2,False,False,False
401,76,54,20260625,2026-06-25 11:12:09.989048326,2026-06-25 12:05:09.989048326,5.0,82.5,16.327,18.61,53,13.0,359.19,True,CCS2,False,False,False
402,76,161,20260629,2026-06-29 14:34:26.024301154,2026-06-29 15:17:26.024301154,5.0,75.8,14.437,20.82,43,10.0,381.14,True,CCS2,False,False,False
403,76,63,20260706,2026-07-06 13:07:18.902492823,2026-07-06 18:32:18.902492823,5.0,93.7,18.756,3.17,325,8.0,206.32,True,TYPE 2,False,False,False
404,76,59,20260710,2026-07-10 15:45:05.413228388,2026-07-10 16:30:05.413228388,5.0,74.4,14.317,19.72,45,10.0,286.34,True,CCS2,False,False,False
405,76,170,20260717,2026-07-17 13:37:29.102067246,2026-07-17 14:20:29.102067246,5.0,72.8,14.652,19.54,43,10.0,278.39,True,CCS2,False,False,False
406,76,42,20260718,2026-07-18 11:09:52.683313504,2026-07-18 11:49:52.683313504,13.3,82.8,14.151,20.94,40,13.0,283.02,True,CCS2,False,False,False
407,76,54,20260718,2026-07-18 21:01:15.941281086,2026-07-18 21:43:15.941281086,10.5,82.4,15.581,21.3,42,10.0,311.62,True,CCS2,False,False,False
408,76,23,20260720,2026-07-20 14:24:08.284322317,2026-07-20 15:17:08.284322317,5.0,77.7,15.121,16.91,53,15.0,317.54,True,CCS2,False,False,False
409,76,124,20260802,2026-08-02 18:02:51.317796182,2026-08-02 18:45:51.317796182,10.5,81.1,15.118,20.0,43,13.0,294.8,True,CCS2,False,False,False
410,76,124,20260804,2026-08-04 16:14:56.400692022,2026-08-04 16:55:56.400692022,13.2,73.8,12.919,18.11,41,10.0,277.11,True,CCS2,False,False,False
411,76,63,20260806,2026-08-06 14:02:44.715607341,2026-08-06 19:10:44.715607341,5.0,88.9,17.244,3.16,308,15.0,379.48,True,TYPE 2,False,False,True
412,76,163,20260812,2026-08-12 14:49:17.379360667,2026-08-12 15:27:17.379360667,5.0,72.2,14.312,21.34,38,16.0,343.49,True,CCS2,False,False,False
413,76,23,20260814,2026-08-14 12:15:38.686740965,2026-08-14 13:03:38.686740965,5.0,83.4,16.141,20.31,48,8.0,372.86,True,CCS2,False,False,False
414,76,137,20260816,2026-08-16 11:37:34.269795085,2026-08-16 12:24:34.269795085,5.0,75.7,14.476,18.57,47,17.0,311.23,True,CCS2,False,False,False
415,76,12,20260824,2026-08-24 11:17:15.717057625,2026-08-24 11:59:15.717057625,5.0,71.7,13.586,19.33,42,19.0,313.84,True,CCS2,False,False,False
416,76,17,20260825,2026-08-25 09:38:56.710360832,2026-08-25 10:28:56.710360832,5.0,75.9,14.397,18.14,50,11.0,302.34,True,CCS2,False,False,False
417,76,42,20260829,2026-08-29 09:57:04.150595869,2026-08-29 10:44:04.150595869,5.0,82.9,15.905,21.15,47,9.0,318.1,True,CCS2,False,False,False
418,76,163,20260829,2026-08-29 16:26:41.930483940,2026-08-29 17:08:41.930483940,5.0,77.2,15.68,21.41,42,8.0,376.32,True,CCS2,False,False,False
419,76,23,20260903,2026-09-03 12:07:36.672756034,2026-09-03 12:58:36.672756034,5.0,74.9,14.518,17.1,51,8.0,304.88,True,CCS2,False,False,False
420,77,118,20260421,2026-04-21 17:07:19.842082478,2026-04-21 17:29:19.842082478,24.3,70.1,13.464,37.84,22,19.0,262.55,True,CCS2,False,False,False
421,77,34,20260522,2026-05-22 09:52:32.351291819,2026-05-22 15:42:32.351291819,18.6,88.4,20.103,3.15,350,18.0,221.13,True,TYPE 2,False,False,False
422,77,14,20260815,2026-08-15 12:35:52.097292548,2026-08-15 16:17:52.097292548,5.0,99.6,26.224,6.79,222,17.0,288.46,True,TYPE 2,False,False,False
423,77,92,20260825,2026-08-25 09:36:25.878036015,2026-08-25 12:09:25.878036015,25.6,92.5,18.663,6.98,153,8.0,223.96,True,TYPE 2,False,False,False
424,77,131,20260904,2026-09-04 08:57:25.936909792,2026-09-04 09:16:25.936909792,25.6,73.0,13.609,42.85,19,9.0,265.38,True,CCS2,False,False,False
425,77,177,20260905,2026-09-05 08:34:06.546913355,2026-09-05 11:15:06.546913355,20.7,88.9,19.211,6.73,161,8.0,201.72,True,TYPE 2,False,False,False
426,77,92,20260916,2026-09-16 12:55:26.509010271,2026-09-16 16:10:26.509010271,5.0,88.7,23.74,6.87,195,10.0,284.88,True,TYPE 2,False,False,False
427,79,60,20260326,2026-03-26 11:55:33.309007612,2026-03-26 12:59:33.309007612,5.0,79.8,20.532,19.85,64,9.0,410.64,True,CCS2,False,False,False
428,79,177,20260328,2026-03-28 13:36:29.123859236,2026-03-28 17:08:29.123859236,9.5,98.7,26.028,6.64,212,12.0,300.62,True,TYPE 2,False,False,False
429,79,148,20260402,2026-04-02 15:01:40.632914151,2026-04-02 15:34:40.632914151,5.0,77.4,20.838,40.28,33,9.0,354.25,True,CCS2,False,False,False
430,79,60,20260410,2026-04-10 10:48:26.550329451,2026-04-10 11:40:26.550329451,5.0,71.6,18.759,22.07,52,8.0,375.18,True,CCS2,False,False,False
431,79,148,20260411,2026-04-11 14:35:01.787470919,2026-04-11 15:15:01.787470919,5.0,83.9,21.999,32.97,40,8.0,411.38,True,CCS2,False,False,False
432,79,148,20260427,2026-04-27 19:53:06.677449908,2026-04-27 20:27:06.677449908,14.6,79.7,19.102,34.27,34,19.0,324.73,True,CCS2,False,False,False
433,79,131,20260429,2026-04-29 11:10:50.831945400,2026-04-29 11:48:50.831945400,5.0,83.3,21.781,36.94,38,9.0,467.2,True,CCS2,False,False,False
434,79,177,20260429,2026-04-29 21:14:16.334255821,2026-04-30 00:33:16.334255821,5.0,87.0,23.33,6.56,199,13.0,244.96,True,TYPE 2,False,False,False
435,79,148,20260503,2026-05-03 12:28:33.369327144,2026-05-03 13:03:33.369327144,5.0,80.1,21.237,37.02,35,13.0,361.03,True,CCS2,False,False,False
436,79,148,20260517,2026-05-17 20:16:27.193728507,2026-05-17 20:46:27.193728507,5.0,76.6,19.755,42.59,30,12.0,335.83,True,CCS2,False,False,False
437,79,180,20260518,2026-05-18 16:31:49.401967711,2026-05-18 17:06:49.401967711,5.0,81.7,22.431,38.35,35,14.0,448.62,True,CCS2,False,False,False
438,79,131,20260531,2026-05-31 15:35:27.534986987,2026-05-31 16:09:27.534986987,5.0,83.1,22.939,40.36,34,9.0,447.31,True,CCS2,False,False,False
439,79,92,20260608,2026-06-08 15:46:15.414593301,2026-06-08 19:28:15.414593301,6.6,99.7,26.695,6.68,222,11.0,320.34,True,TYPE 2,False,False,False
440,79,82,20260611,2026-06-11 13:31:02.165079510,2026-06-11 21:07:02.165079510,6.0,92.4,24.308,2.97,456,14.0,379.48,True,TYPE 2,False,False,True
441,79,148,20260624,2026-06-24 13:19:04.144019793,2026-06-24 13:51:04.144019793,5.0,82.8,21.809,40.1,32,19.0,370.75,True,CCS2,False,False,False
442,79,60,20260625,2026-06-25 10:42:09.039292672,2026-06-25 11:39:09.039292672,5.0,84.1,22.218,23.76,57,9.0,444.36,True,CCS2,False,False,False
443,79,177,20260629,2026-06-29 13:57:09.148253937,2026-06-29 17:07:09.148253937,5.0,89.0,23.333,6.97,190,8.0,245.0,True,TYPE 2,False,False,False
444,79,44,20260714,2026-07-14 16:59:11.876746136,2026-07-14 17:25:11.876746136,5.0,73.1,19.153,43.37,26,19.0,383.06,True,CCS2,False,False,False
445,79,14,20260716,2026-07-16 14:04:43.977963013,2026-07-16 17:17:43.977963013,5.0,86.4,23.941,6.75,193,15.0,263.35,True,TYPE 2,False,False,False
446,79,60,20260718,2026-07-18 12:07:28.066866014,2026-07-18 12:49:28.066866014,5.0,71.4,19.237,26.2,42,9.0,423.21,True,CCS2,False,True,False
447,79,131,20260718,2026-07-18 17:37:57.898752559,2026-07-18 18:16:57.898752559,5.0,76.9,19.894,32.69,39,9.0,387.93,True,CCS2,False,False,False
448,79,14,20260720,2026-07-20 10:04:38.022295311,2026-07-20 13:40:38.022295311,5.0,95.4,25.527,6.66,216,10.0,280.8,True,TYPE 2,False,False,False
449,79,92,20260728,2026-07-28 18:54:10.738299215,2026-07-28 22:33:10.738299215,5.0,98.2,27.407,6.76,219,14.0,361.77,True,TYPE 2,False,False,False
450,79,92,20260814,2026-08-14 11:33:56.979753319,2026-08-14 14:47:56.979753319,5.0,90.4,23.458,6.96,194,9.0,281.5,True,TYPE 2,False,False,False
451,79,131,20260828,2026-08-28 18:54:58.243546158,2026-08-28 19:30:58.243546158,5.0,82.2,22.664,38.16,36,13.0,441.95,True,CCS2,False,False,False
452,79,177,20260903,2026-09-03 11:27:49.285264361,2026-09-03 14:58:49.285264361,5.0,90.8,24.732,6.5,211,12.0,285.65,True,TYPE 2,False,False,False
453,79,82,20260904,2026-09-04 18:48:45.465968348,2026-09-05 02:29:45.465968348,5.0,93.8,24.969,3.03,461,19.0,299.63,True,TYPE 2,False,False,False
454,81,153,20260430,2026-04-30 12:20:32.185963733,2026-04-30 12:40:32.185963733,28.0,75.7,14.085,44.07,20,4.0,263.39,True,CCS2,False,False,False
455,81,153,20260523,2026-05-23 09:48:16.379290409,2026-05-23 10:21:16.379290409,5.0,82.0,21.636,43.48,33,7.0,367.81,True,CCS2,False,False,False
456,81,66,20260612,2026-06-12 10:37:37.568353327,2026-06-12 11:06:37.568353327,9.1,72.1,17.546,38.59,29,0.0,386.01,True,CCS2,False,False,False
457,81,159,20260713,2026-07-13 09:50:27.174308597,2026-07-13 13:21:27.174308597,13.7,99.8,24.621,6.54,211,6.0,320.07,True,TYPE 2,False,False,False
458,81,105,20260910,2026-09-10 13:51:34.231343699,2026-09-10 14:19:34.231343699,17.9,81.9,18.487,39.97,28,6.0,425.2,True,CCS2,False,False,False
459,82,73,20260524,2026-05-24 17:26:53.928997137,2026-05-24 20:08:53.928997137,25.7,99.6,19.096,6.66,162,10.0,210.06,True,TYPE 2,False,False,False
460,82,9,20260630,2026-06-30 12:45:26.452079438,2026-06-30 13:35:26.452079438,19.4,79.9,15.4,19.12,50,14.0,323.4,True,CCS2,False,False,False
461,84,148,20260507,2026-05-07 20:01:17.961322496,2026-05-07 20:51:17.961322496,5.4,81.7,36.608,44.18,50,10.0,622.34,True,CCS2,False,False,False
462,84,148,20260512,2026-05-12 09:30:39.265707308,2026-05-12 10:19:39.265707308,5.0,70.3,32.631,38.04,49,18.0,554.73,True,CCS2,False,False,False
463,84,34,20260513,2026-05-13 13:34:25.987815862,2026-05-14 02:39:25.987815862,5.0,90.9,42.318,2.97,785,9.0,512.05,True,TYPE 2,False,False,False
464,84,177,20260522,2026-05-22 10:15:21.254189148,2026-05-22 16:01:21.254189148,5.0,89.4,40.938,6.63,346,8.0,429.85,True,TYPE 2,False,False,False
465,84,118,20260529,2026-05-29 17:26:47.910176035,2026-05-29 18:21:47.910176035,10.7,73.0,31.158,33.19,55,10.0,607.58,True,CCS2,False,False,False
466,84,60,20260608,2026-06-08 20:30:55.615836263,2026-06-08 21:49:55.615836263,5.0,77.9,36.01,25.79,79,9.0,792.22,True,CCS2,False,False,False
467,84,14,20260612,2026-06-12 14:33:06.242460339,2026-06-12 19:20:06.242460339,19.4,90.1,35.278,6.77,287,14.0,388.06,True,TYPE 2,False,False,False
468,84,34,20260615,2026-06-15 21:22:38.837334022,2026-06-16 10:58:38.837334022,5.0,96.4,44.083,3.03,816,11.0,484.91,True,TYPE 2,False,False,False
469,84,44,20260619,2026-06-19 23:23:10.495081289,2026-06-20 00:26:10.495081289,5.0,78.5,34.81,33.85,63,9.0,379.48,True,CCS2,False,False,True
470,84,14,20260622,2026-06-22 17:33:05.715228631,2026-06-22 23:27:05.715228631,5.0,95.3,45.832,6.96,354,13.0,504.15,True,TYPE 2,False,False,False
471,84,14,20260624,2026-06-24 14:18:41.249339800,2026-06-24 20:00:41.249339800,7.8,94.0,42.19,6.91,342,18.0,464.09,True,TYPE 2,False,False,False
472,84,148,20260629,2026-06-29 22:37:48.150771799,2026-06-29 23:15:48.150771799,20.5,74.5,27.1,42.31,38,14.0,379.48,True,CCS2,False,False,True
473,84,118,20260704,2026-07-04 13:13:46.393818729,2026-07-04 14:15:46.393818729,5.0,75.8,34.562,33.19,62,18.0,673.96,True,CCS2,False,False,False
474,84,34,20260715,2026-07-15 14:27:48.189479040,2026-07-16 02:46:48.189479040,13.7,98.8,43.283,3.12,739,10.0,476.11,True,TYPE 2,False,False,False
475,84,82,20260805,2026-08-05 15:05:24.712964991,2026-08-06 03:19:24.712964991,5.0,85.8,40.204,2.98,734,9.0,482.45,True,TYPE 2,False,True,False
476,84,148,20260810,2026-08-10 16:04:05.451081832,2026-08-10 17:09:05.451081832,5.0,85.0,38.935,35.4,65,19.0,661.89,True,CCS2,False,False,False
477,84,82,20260815,2026-08-15 12:03:01.755659492,2026-08-16 01:58:01.755659492,5.0,97.2,44.733,2.99,835,11.0,536.8,True,TYPE 2,False,False,False
478,84,82,20260907,2026-09-07 19:35:42.935972645,2026-09-08 08:27:42.935972645,5.0,89.6,41.591,2.98,772,15.0,499.09,True,TYPE 2,False,False,False
479,84,131,20260912,2026-09-12 17:37:33.792790927,2026-09-12 18:21:33.792790927,10.4,73.0,31.377,43.33,44,17.0,673.04,True,CCS2,False,False,False
480,84,76,20260912,2026-09-12 22:44:59.017454695,2026-09-12 23:46:59.017454695,5.0,78.0,36.689,32.82,62,14.0,807.16,True,CCS2,False,False,False
481,85,49,20260815,2026-08-15 14:39:42.800615505,2026-08-15 15:11:42.800615505,16.4,73.0,27.184,50.94,32,0.0,543.68,True,CCS2,False,False,False
482,85,11,20260816,2026-08-16 16:59:53.556749333,2026-08-16 17:37:53.556749333,27.8,80.5,26.747,42.61,38,5.0,561.69,True,CCS2,False,False,False
483,88,161,20260531,2026-05-31 13:16:58.988838280,2026-05-31 13:53:58.988838280,29.7,84.6,11.332,19.7,37,18.0,271.97,True,CCS2,False,False,False
484,89,142,20260526,2026-05-26 18:26:30.125375975,2026-05-26 20:56:30.125375975,26.5,95.9,18.898,6.89,150,15.0,239.06,True,TYPE 2,False,False,False
485,91,76,20260325,2026-03-25 09:04:12.018802561,2026-03-25 10:00:12.018802561,5.0,72.0,22.208,22.41,56,17.0,444.16,True,CCS2,False,False,False
486,91,34,20260416,2026-04-16 18:48:10.483426961,2026-04-17 01:48:10.483426961,20.4,89.7,22.709,3.0,420,19.0,249.8,True,TYPE 2,False,False,False
487,91,76,20260426,2026-04-26 12:53:34.798595314,2026-04-26 13:55:34.798595314,5.0,83.6,25.674,24.85,62,15.0,513.48,True,CCS2,False,False,False
488,91,177,20260529,2026-05-29 13:26:59.648796802,2026-05-29 16:58:59.648796802,15.0,90.5,25.072,6.6,212,17.0,289.58,True,TYPE 2,False,False,False
489,91,131,20260602,2026-06-02 14:07:49.697965240,2026-06-02 14:47:49.697965240,27.9,77.2,15.668,24.45,40,11.0,305.53,True,CCS2,False,False,False
490,91,14,20260615,2026-06-15 15:24:17.669799574,2026-06-15 18:59:17.669799574,11.8,93.7,26.986,6.94,215,15.0,296.85,True,TYPE 2,False,False,False
491,91,177,20260620,2026-06-20 11:30:14.728021919,2026-06-20 15:03:14.728021919,12.9,92.9,26.473,6.82,213,18.0,305.76,True,TYPE 2,False,False,False
492,91,44,20260701,2026-07-01 07:37:10.272275429,2026-07-01 08:37:10.272275429,5.0,80.9,24.741,24.26,60,12.0,494.82,True,CCS2,False,False,False
493,91,60,20260714,2026-07-14 13:15:27.295703578,2026-07-14 14:10:27.295703578,18.5,80.0,20.275,20.83,55,12.0,405.5,True,CCS2,False,False,False
494,91,34,20260720,2026-07-20 13:21:41.623526293,2026-07-20 19:15:41.623526293,26.1,87.8,19.743,3.17,354,18.0,217.17,True,TYPE 2,False,False,False
495,91,76,20260722,2026-07-22 09:44:40.238977599,2026-07-22 10:40:40.238977599,13.0,73.3,19.18,20.83,56,9.0,383.6,True,CCS2,False,False,False
496,91,92,20260729,2026-07-29 16:16:41.967755777,2026-07-29 20:21:41.967755777,5.0,94.0,29.948,6.68,245,17.0,359.38,True,TYPE 2,False,False,False
497,91,60,20260731,2026-07-31 17:21:25.361090852,2026-07-31 18:06:25.361090852,17.9,71.4,17.093,24.37,45,9.0,341.86,True,CCS2,False,False,False
498,91,76,20260814,2026-08-14 09:32:52.584214897,2026-08-14 10:24:52.584214897,11.3,77.8,21.966,25.86,52,17.0,439.32,True,CCS2,False,False,False
499,91,14,20260818,2026-08-18 18:16:51.213314572,2026-08-18 22:03:51.213314572,12.7,95.9,26.811,6.72,227,17.0,324.41,True,TYPE 2,False,False,False
500,91,118,20260901,2026-09-01 12:00:04.117896542,2026-09-01 12:41:04.117896542,25.3,76.5,16.823,25.31,41,8.0,328.05,True,CCS2,False,False,False
501,91,148,20260903,2026-09-03 11:36:52.399684092,2026-09-03 12:32:52.399684092,5.4,78.2,23.073,24.84,56,16.0,392.24,True,CCS2,False,False,False
502,91,118,20260909,2026-09-09 11:43:30.090934163,2026-09-09 12:27:30.090934163,25.8,83.6,18.25,24.99,44,19.0,355.88,True,CCS2,False,False,False
503,91,60,20260918,2026-09-18 18:17:36.352792830,2026-09-18 19:07:36.352792830,6.8,73.3,21.25,25.98,50,19.0,425.0,True,CCS2,False,False,False
504,92,71,20260513,2026-05-13 09:55:32.864378097,2026-05-13 10:33:32.864378097,24.6,76.6,25.693,42.98,38,8.0,513.86,True,CCS2,False,False,False
505,92,129,20260530,2026-05-30 13:36:34.203149028,2026-05-30 14:07:34.203149028,33.9,82.8,24.78,45.49,31,9.0,483.21,True,CCS2,False,False,False
506,95,134,20260903,2026-09-03 08:49:42.265620403,2026-09-03 16:31:42.265620403,17.5,98.2,26.477,3.17,462,6.0,304.49,True,TYPE 2,False,False,False
507,95,134,20260911,2026-09-11 13:24:54.345517105,2026-09-11 20:09:54.345517105,18.8,90.1,23.954,3.18,405,2.0,275.47,True,TYPE 2,False,False,False
508,95,132,20260914,2026-09-14 16:11:17.752409700,2026-09-14 17:03:17.752409700,13.8,71.2,19.413,22.14,52,5.0,378.55,True,CCS2,False,False,False
509,96,29,20260622,2026-06-22 15:14:15.861384956,2026-06-22 21:18:15.861384956,28.1,88.8,19.932,3.02,364,1.0,219.25,True,TYPE 2,False,False,False
510,96,113,20260702,2026-07-02 18:21:52.519613072,2026-07-02 19:04:52.519613072,28.2,83.3,17.886,25.25,43,1.0,411.38,True,CCS2,False,False,False
511,96,36,20260722,2026-07-22 14:50:19.239170857,2026-07-22 20:04:19.239170857,32.9,86.4,17.43,3.09,314,1.0,191.73,True,TYPE 2,False,False,False
512,96,157,20260727,2026-07-27 17:17:25.252344720,2026-07-27 18:04:25.252344720,27.7,80.4,17.873,21.85,47,6.0,379.48,True,CCS2,False,False,True
513,98,124,20260330,2026-03-30 17:28:05.899821487,2026-03-30 18:08:05.899821487,29.4,76.5,15.926,21.94,40,17.0,310.56,True,CCS2,False,False,False
514,98,23,20260410,2026-04-10 12:14:28.497288219,2026-04-10 13:00:28.497288219,26.5,82.2,17.651,24.23,46,12.0,407.74,True,CCS2,False,False,False
515,98,59,20260719,2026-07-19 15:24:40.241966906,2026-07-19 16:10:40.241966906,28.8,82.1,16.977,23.24,46,16.0,339.54,True,CCS2,False,False,False
516,98,142,20260725,2026-07-25 18:10:22.642999430,2026-07-25 21:11:22.642999430,30.0,96.2,21.895,6.69,181,18.0,276.97,True,TYPE 2,False,False,False
517,100,93,20260505,2026-05-05 15:34:28.435726466,2026-05-05 16:00:28.435726466,33.7,78.7,22.258,50.72,26,6.0,489.68,True,CCS2,False,False,False
518,102,131,20260421,2026-04-21 12:39:22.964459708,2026-04-21 13:11:22.964459708,21.6,78.4,11.808,21.37,32,11.0,253.28,True,CCS2,False,False,False
519,102,14,20260514,2026-05-14 12:54:33.456344029,2026-05-14 17:51:33.456344029,16.4,97.2,16.76,3.16,297,14.0,184.36,True,TYPE 2,False,False,False
520,102,14,20260520,2026-05-20 07:19:25.822637382,2026-05-20 12:22:25.822637382,12.2,90.5,16.976,3.03,303,19.0,205.41,True,TYPE 2,False,False,False
521,102,180,20260520,2026-05-20 16:33:45.524346547,2026-05-20 17:08:45.524346547,20.8,81.9,12.753,21.35,35,19.0,379.48,True,CCS2,False,False,True
522,102,92,20260601,2026-06-01 11:49:57.868019367,2026-06-01 16:50:57.868019367,16.6,95.8,16.497,3.08,301,18.0,217.76,True,TYPE 2,False,False,False
523,102,177,20260611,2026-06-11 07:28:14.567384808,2026-06-11 11:43:14.567384808,18.1,86.8,14.402,3.14,255,14.0,166.34,True,TYPE 2,False,False,False
524,102,60,20260623,2026-06-23 10:26:23.668537313,2026-06-23 11:08:23.668537313,18.6,75.4,11.8,17.38,42,15.0,236.0,True,CCS2,False,False,False
525,102,118,20260629,2026-06-29 06:43:00.475316049,2026-06-29 07:18:00.475316049,21.4,75.1,10.891,19.23,35,15.0,212.37,True,CCS2,False,False,False
526,102,44,20260710,2026-07-10 17:57:52.208208629,2026-07-10 18:46:52.208208629,5.0,72.0,14.449,17.14,49,13.0,288.98,True,CCS2,False,False,False
527,102,177,20260711,2026-07-11 13:31:07.803752763,2026-07-11 19:17:07.803752763,8.7,98.5,18.216,3.02,346,14.0,191.27,True,TYPE 2,False,False,False
528,102,82,20260715,2026-07-15 10:12:29.216386340,2026-07-15 15:40:29.216386340,5.0,92.4,18.943,3.08,328,8.0,227.32,True,TYPE 2,False,False,False
529,102,131,20260723,2026-07-23 10:27:10.843694257,2026-07-23 11:01:10.843694257,24.1,80.4,11.381,20.78,34,15.0,221.93,True,CCS2,False,False,False
530,102,44,20260725,2026-07-25 11:37:20.986266305,2026-07-25 12:28:20.986266305,8.5,82.2,15.119,18.21,51,13.0,302.38,True,CCS2,False,False,False
531,102,14,20260730,2026-07-30 08:48:57.983178548,2026-07-30 13:20:57.983178548,25.1,96.3,14.916,3.05,272,14.0,164.08,True,TYPE 2,False,False,False
532,102,177,20260804,2026-08-04 08:36:27.647974757,2026-08-04 13:00:27.647974757,27.2,95.5,14.623,3.02,264,11.0,153.54,True,TYPE 2,False,False,False
533,102,177,20260813,2026-08-13 09:01:48.195038754,2026-08-13 13:48:48.195038754,10.2,86.7,16.375,3.1,287,18.0,171.94,True,TYPE 2,False,False,False
534,102,82,20260814,2026-08-14 16:16:01.454068239,2026-08-14 20:25:01.454068239,27.4,92.8,13.452,3.07,249,13.0,161.42,True,TYPE 2,False,False,False
535,102,34,20260826,2026-08-26 11:30:32.993333454,2026-08-26 17:07:32.993333454,11.7,98.6,18.448,3.01,337,9.0,202.93,True,TYPE 2,False,False,False
536,102,177,20260910,2026-09-10 11:59:34.745842576,2026-09-10 17:57:34.745842576,5.0,99.6,20.625,3.07,358,10.0,216.56,True,TYPE 2,False,False,False
537,103,70,20260605,2026-06-05 10:50:30.027869858,2026-06-05 11:26:30.027869858,16.8,74.1,11.789,19.07,36,9.0,235.78,True,CCS2,False,False,False
538,104,65,20260522,2026-05-22 19:32:13.852560660,2026-05-22 20:09:13.852560660,28.4,72.0,11.547,18.62,37,3.0,254.03,True,CCS2,False,False,False
539,104,65,20260529,2026-05-29 10:12:51.468055975,2026-05-29 10:44:51.468055975,34.3,78.3,11.53,22.42,32,0.0,230.6,True,CCS2,False,False,False
540,104,79,20260605,2026-06-05 09:06:34.797959646,2026-06-05 09:47:34.797959646,29.6,80.5,12.944,20.77,41,4.0,284.77,True,CCS2,False,False,False
541,105,146,20260717,2026-07-17 10:38:03.369856942,2026-07-18 02:13:03.369856942,34.8,96.9,51.633,3.0,935,4.0,464.7,True,TYPE 2,False,False,False
542,106,112,20260612,2026-06-12 16:51:29.609016863,2026-06-12 17:32:29.609016863,26.5,74.9,23.562,33.56,41,0.0,596.12,True,CCS2,False,False,False
543,107,137,20260331,2026-03-31 14:02:20.567439187,2026-03-31 14:38:20.567439187,26.4,83.3,11.639,20.83,36,14.0,250.24,True,CCS2,False,False,False
544,107,59,20260404,2026-04-04 13:28:09.881977510,2026-04-04 14:12:09.881977510,5.0,75.4,15.104,19.47,44,12.0,302.08,True,CCS2,False,False,False
545,107,137,20260407,2026-04-07 14:38:42.969858514,2026-04-07 15:33:42.969858514,10.1,83.8,15.938,16.32,55,17.0,342.67,True,CCS2,False,False,False
546,107,124,20260414,2026-04-14 07:46:53.740040207,2026-04-14 08:28:53.740040207,20.2,74.5,11.481,16.86,42,16.0,223.88,True,CCS2,False,False,False
547,107,124,20260417,2026-04-17 08:01:18.641421395,2026-04-17 08:47:18.641421395,5.0,78.3,15.992,20.67,46,17.0,311.84,True,CCS2,False,False,False
548,107,23,20260419,2026-04-19 15:39:16.990638434,2026-04-19 16:20:16.990638434,17.6,84.8,14.184,19.46,41,18.0,297.86,True,CCS2,False,False,False
549,107,124,20260502,2026-05-02 08:03:58.525011278,2026-05-02 08:43:58.525011278,5.0,72.3,13.904,22.29,40,12.0,271.13,True,CCS2,False,False,False
550,107,137,20260524,2026-05-24 12:03:01.649664795,2026-05-24 12:47:01.649664795,18.4,79.0,13.146,18.02,44,12.0,310.9,True,CCS2,False,False,False
551,107,142,20260527,2026-05-27 11:16:58.150748423,2026-05-27 15:40:58.150748423,26.6,94.5,13.978,3.0,264,10.0,176.82,True,TYPE 2,False,False,False
552,107,170,20260531,2026-05-31 18:17:18.161887507,2026-05-31 19:00:18.161887507,5.0,82.2,15.608,22.07,43,15.0,296.55,True,CCS2,False,False,False
553,107,17,20260606,2026-06-06 11:37:37.654139395,2026-06-06 12:13:37.654139395,16.8,74.1,12.25,20.6,36,19.0,282.98,True,CCS2,False,False,False
554,107,59,20260618,2026-06-18 15:01:44.318847368,2026-06-18 15:44:44.318847368,5.0,76.3,14.669,20.18,43,10.0,322.72,True,CCS2,False,False,False
555,107,142,20260627,2026-06-27 16:06:04.278779009,2026-06-27 21:09:04.278779009,5.0,85.3,16.47,3.1,303,12.0,189.4,True,TYPE 2,False,False,False
556,107,12,20260703,2026-07-03 14:28:48.234797641,2026-07-03 15:04:48.234797641,20.1,83.9,13.616,21.57,36,19.0,285.94,True,CCS2,False,False,False
557,107,137,20260705,2026-07-05 08:45:25.121686196,2026-07-05 09:28:25.121686196,19.6,76.5,11.611,16.33,43,11.0,249.64,True,CCS2,False,False,False
558,107,137,20260710,2026-07-10 17:14:19.059394587,2026-07-10 18:00:19.059394587,13.1,77.6,13.391,16.95,46,13.0,287.91,True,CCS2,False,False,False
559,107,137,20260713,2026-07-13 11:23:31.661238312,2026-07-13 11:51:31.661238312,29.9,73.2,8.774,18.91,28,11.0,207.51,True,CCS2,False,False,False
560,109,90,20260809,2026-08-09 10:51:44.333463245,2026-08-09 11:26:44.333463245,39.3,83.5,9.084,16.52,35,0.0,199.85,True,CCS2,False,False,False
561,109,5,20260907,2026-09-07 13:14:31.945823835,2026-09-07 14:00:31.945823835,10.4,84.6,15.953,19.78,46,2.0,335.01,True,CCS2,False,False,False
562,110,76,20260613,2026-06-13 07:41:53.995563144,2026-06-13 08:20:53.995563144,29.4,82.8,25.483,40.3,39,11.0,509.66,True,CCS2,False,False,False
563,111,88,20260409,2026-04-09 07:07:34.278764203,2026-04-09 07:37:34.278764203,8.0,79.3,20.111,42.56,30,4.0,442.44,True,CCS2,False,False,False
564,111,105,20260506,2026-05-06 08:03:46.364196157,2026-05-06 08:26:46.364196157,22.2,73.7,14.399,37.49,23,5.0,331.18,True,CCS2,False,False,False
565,111,88,20260507,2026-05-07 11:08:40.475700638,2026-05-07 11:36:40.475700638,18.0,80.6,17.292,41.54,28,3.0,380.42,True,CCS2,False,False,False
566,111,67,20260515,2026-05-15 11:30:36.921459823,2026-05-15 11:48:36.921459823,25.7,70.3,12.324,41.83,18,4.0,246.48,True,CCS2,False,False,False
567,111,80,20260526,2026-05-26 08:59:15.627571333,2026-05-26 12:10:15.627571333,5.0,86.8,23.668,6.77,191,9.0,284.02,True,TYPE 2,False,False,False
568,111,51,20260628,2026-06-28 06:41:27.635936137,2026-06-28 07:18:27.635936137,5.0,83.7,22.267,34.48,37,4.0,445.34,True,CCS2,False,False,False
569,111,179,20260719,2026-07-19 11:43:16.568015611,2026-07-19 12:09:16.568015611,17.7,75.7,16.649,42.34,26,1.0,332.98,True,CCS2,False,False,False
570,111,39,20260902,2026-09-02 10:31:28.168173692,2026-09-02 11:02:28.168173692,5.0,83.7,22.066,43.99,31,8.0,463.39,True,CCS2,False,False,False
571,113,139,20260529,2026-05-29 11:02:04.438514592,2026-05-29 11:58:04.438514592,5.0,82.5,26.4,26.48,56,0.0,567.6,True,CCS2,False,False,False
572,113,149,20260614,2026-06-14 17:06:42.905275758,2026-06-14 17:54:42.905275758,15.1,79.4,21.624,25.79,48,2.0,367.61,True,CCS2,False,False,False
573,113,29,20260623,2026-06-23 09:05:27.680034355,2026-06-23 18:26:27.680034355,5.0,98.9,29.828,3.03,561,9.0,360.92,True,TYPE 2,False,True,False
574,113,125,20260704,2026-07-04 12:56:39.914549889,2026-07-04 13:39:39.914549889,20.7,75.2,17.531,25.05,43,8.0,376.04,True,CCS2,False,False,False
575,113,77,20260709,2026-07-09 09:56:10.196197866,2026-07-09 10:49:10.196197866,5.0,78.3,23.155,25.7,53,9.0,509.41,True,CCS2,False,False,False
576,113,77,20260718,2026-07-18 14:06:57.407834365,2026-07-18 14:52:57.407834365,24.4,79.2,18.004,23.45,46,9.0,396.09,True,CCS2,False,False,False
577,113,157,20260722,2026-07-22 15:06:54.234958461,2026-07-22 16:11:54.234958461,5.0,79.7,24.196,22.24,65,1.0,580.7,True,CCS2,False,False,False
578,113,84,20260724,2026-07-24 12:08:25.694550626,2026-07-24 13:03:25.694550626,13.7,79.6,20.844,22.8,55,9.0,458.57,True,CCS2,False,True,False
579,113,147,20260729,2026-07-29 18:14:56.344793740,2026-07-29 19:14:56.344793740,11.9,79.8,22.456,20.89,60,7.0,381.75,True,CCS2,False,False,False
580,113,157,20260802,2026-08-02 17:00:43.270722451,2026-08-02 17:52:43.270722451,12.3,77.4,21.604,24.4,52,0.0,570.35,True,CCS2,False,False,False
581,113,77,20260811,2026-08-11 14:39:26.397649465,2026-08-11 15:20:26.397649465,22.6,70.5,15.747,22.59,41,6.0,346.43,True,CCS2,False,False,False
582,113,147,20260911,2026-09-11 09:52:18.082202366,2026-09-11 10:41:18.082202366,15.7,72.0,19.202,21.62,49,6.0,326.43,True,CCS2,False,False,False
583,116,93,20260514,2026-05-14 11:41:29.210018027,2026-05-14 12:04:29.210018027,29.3,75.6,32.296,87.36,23,1.0,710.51,True,CCS2,False,False,False
584,117,21,20260328,2026-03-28 10:50:21.051077834,2026-03-28 11:43:21.051077834,5.0,77.6,15.176,17.07,53,17.0,318.7,True,CCS2,False,False,False
585,117,1,20260412,2026-04-12 15:50:13.976393323,2026-04-12 16:39:13.976393323,5.0,77.3,14.943,18.69,49,17.0,313.8,True,CCS2,False,False,False
586,117,38,20260418,2026-04-18 14:35:00.186733430,2026-04-18 15:14:00.186733430,15.8,81.8,13.534,22.02,39,12.0,284.21,True,CCS2,False,False,False
587,117,127,20260422,2026-04-22 10:06:27.849380618,2026-04-22 10:42:27.849380618,17.2,77.1,12.607,22.27,36,15.0,245.84,True,CCS2,False,False,False
588,117,167,20260424,2026-04-24 14:13:38.496684360,2026-04-24 19:02:38.496684360,21.1,97.9,15.634,3.12,289,19.0,223.57,True,TYPE 2,False,False,False
589,117,73,20260501,2026-05-01 09:33:15.893086319,2026-05-01 14:57:15.893086319,5.0,93.4,18.925,3.17,324,14.0,208.18,True,TYPE 2,False,False,False
590,117,151,20260503,2026-05-03 11:02:41.210225853,2026-05-03 11:28:41.210225853,27.9,71.3,9.294,22.01,26,10.0,158.0,True,CCS2,False,False,False
591,117,26,20260513,2026-05-13 15:22:18.979424978,2026-05-13 20:19:18.979424978,5.0,86.2,17.583,3.19,297,9.0,212.75,True,TYPE 2,False,False,False
592,117,26,20260515,2026-05-15 11:51:08.339986032,2026-05-15 16:13:08.339986032,15.6,86.1,15.043,3.13,262,9.0,165.47,True,TYPE 2,False,False,False
593,117,72,20260604,2026-06-04 08:48:58.014033658,2026-06-04 13:30:58.014033658,15.3,91.1,15.559,3.14,282,8.0,171.15,True,TYPE 2,False,False,False
594,117,26,20260606,2026-06-06 12:49:03.736350687,2026-06-06 17:58:03.736350687,12.3,95.5,17.865,3.13,309,11.0,196.51,True,TYPE 2,False,False,False
595,117,73,20260613,2026-06-13 17:41:21.725621383,2026-06-13 22:50:21.725621383,13.8,96.6,17.859,3.13,309,19.0,196.45,True,TYPE 2,False,False,False
596,117,143,20260623,2026-06-23 12:37:44.223073093,2026-06-23 13:06:44.223073093,17.9,70.1,11.198,22.16,29,18.0,264.83,True,CCS2,False,False,False
597,117,28,20260623,2026-06-23 21:44:52.553838679,2026-06-24 03:18:52.553838679,5.0,97.1,18.973,3.2,334,12.0,208.7,True,TYPE 2,False,False,False
598,117,21,20260623,2026-06-24 02:28:36.566522981,2026-06-24 03:17:36.566522981,13.5,80.8,13.782,17.52,49,13.0,289.42,True,CCS2,False,False,False
599,117,127,20260626,2026-06-26 12:15:28.711288919,2026-06-26 12:59:28.711288919,5.0,71.7,14.183,19.19,44,16.0,276.57,True,CCS2,False,False,False
600,117,72,20260730,2026-07-30 10:19:32.846568439,2026-07-30 15:53:32.846568439,5.0,95.6,18.547,3.16,334,12.0,204.02,True,TYPE 2,False,False,False
601,117,121,20260805,2026-08-05 11:31:03.388728143,2026-08-05 16:26:03.388728143,12.3,87.6,15.704,2.98,295,19.0,181.38,True,TYPE 2,False,False,False
602,117,1,20260826,2026-08-26 10:42:18.933033807,2026-08-26 11:33:18.933033807,5.0,79.9,90.0,18.23,51,19.0,359.25,True,CCS2,True,False,False
603,117,19,20260826,2026-08-26 17:22:33.763073932,2026-08-26 17:52:33.763073932,28.0,72.2,9.388,19.87,30,8.0,216.86,True,CCS2,False,False,False
604,117,19,20260828,2026-08-28 16:14:01.041784388,2026-08-28 17:05:01.041784388,5.0,75.4,14.555,17.55,51,8.0,305.65,True,CCS2,False,False,False
605,117,21,20260829,2026-08-29 11:16:54.669587941,2026-08-29 11:55:54.669587941,18.9,73.3,11.779,18.54,39,9.0,247.36,True,CCS2,False,False,False
606,117,102,20260830,2026-08-30 11:46:03.684978584,2026-08-30 12:19:03.684978584,24.6,82.9,12.208,22.12,33,16.0,280.78,True,CCS2,False,False,False
607,117,38,20260909,2026-09-09 16:03:33.909826167,2026-09-09 16:50:33.909826167,5.0,70.9,13.724,18.3,47,16.0,288.2,True,CCS2,False,False,False
608,117,151,20260918,2026-09-18 07:26:16.346510957,2026-09-18 08:20:16.346510957,5.0,79.7,15.123,17.52,54,12.0,257.09,True,CCS2,False,False,False
609,119,117,20260801,2026-08-01 09:13:54.532095908,2026-08-01 10:02:54.532095908,22.1,77.0,31.923,40.98,49,7.0,622.5,True,CCS2,False,False,False
610,120,96,20260505,2026-05-05 15:09:22.221991512,2026-05-05 15:33:22.221991512,32.2,76.2,12.301,34.8,24,2.0,270.62,True,CCS2,False,False,False
611,120,6,20260522,2026-05-22 12:31:24.018809245,2026-05-22 12:55:24.018809245,31.2,77.0,12.926,38.09,24,5.0,271.45,True,CCS2,False,False,False
612,121,137,20260618,2026-06-18 14:48:19.279609077,2026-06-18 15:18:19.279609077,25.9,71.4,20.208,40.61,30,14.0,434.47,True,CCS2,False,False,False
613,121,163,20260624,2026-06-24 13:08:43.976566112,2026-06-24 13:45:43.976566112,26.0,73.5,20.149,33.15,37,17.0,483.58,True,CCS2,False,False,False
614,121,54,20260628,2026-06-28 19:13:26.618245219,2026-06-28 20:28:26.618245219,15.3,81.7,29.751,22.53,75,19.0,595.02,True,CCS2,False,False,False
615,121,161,20260710,2026-07-10 11:40:32.660122494,2026-07-10 12:46:32.660122494,12.0,80.0,30.819,25.65,66,15.0,739.66,True,CCS2,False,False,False
616,121,42,20260723,2026-07-23 09:58:51.642589799,2026-07-23 10:41:51.642589799,11.8,81.3,30.897,43.32,43,17.0,617.94,True,CCS2,False,False,False
617,121,63,20260725,2026-07-25 09:02:59.821477013,2026-07-25 19:55:59.821477013,5.0,87.9,36.182,3.06,653,17.0,361.82,True,TYPE 2,False,False,False
618,121,17,20260731,2026-07-31 11:46:35.827799738,2026-07-31 12:20:35.827799738,18.4,72.2,23.238,41.4,34,13.0,488.0,True,CCS2,False,False,False
619,121,124,20260803,2026-08-03 16:51:20.276046583,2026-08-03 17:36:20.276046583,27.9,76.1,21.165,26.75,45,19.0,412.72,True,CCS2,False,False,False
620,121,161,20260821,2026-08-21 08:53:52.205657007,2026-08-21 10:04:52.205657007,20.0,76.4,25.057,19.63,71,16.0,601.37,True,CCS2,False,False,False
621,121,17,20260918,2026-09-18 13:50:58.852921151,2026-09-18 14:19:58.852921151,26.1,74.0,20.54,44.08,29,11.0,431.34,True,CCS2,False,False,False
622,123,89,20260524,2026-05-24 13:06:53.802756031,2026-05-24 13:41:53.802756031,37.3,75.5,10.14,18.26,35,3.0,223.08,True,CCS2,False,False,False
623,124,168,20260328,2026-03-28 10:49:52.223042899,2026-03-28 21:52:52.223042899,26.7,99.8,34.759,3.0,663,1.0,347.59,True,TYPE 2,False,False,False
624,124,168,20260419,2026-04-19 17:50:04.200323411,2026-04-20 06:40:04.200323411,11.1,98.1,41.208,3.06,770,7.0,412.08,True,TYPE 2,False,False,False
625,124,135,20260423,2026-04-23 11:55:09.691831159,2026-04-23 16:05:09.691831159,25.5,88.7,30.57,6.9,250,4.0,386.71,True,TYPE 2,False,False,False
626,124,57,20260429,2026-04-29 12:21:41.034944405,2026-04-29 12:58:41.034944405,20.1,76.1,27.071,43.81,37,1.0,595.56,True,CCS2,False,False,False
627,124,135,20260506,2026-05-06 08:49:13.672826745,2026-05-06 14:14:13.672826745,5.0,88.1,41.994,6.95,325,2.0,531.22,True,TYPE 2,False,False,False
628,124,166,20260630,2026-06-30 18:41:58.676488344,2026-07-01 00:34:58.676488344,5.0,89.5,41.06,6.49,353,4.0,533.78,True,TYPE 2,False,False,False
629,124,78,20260702,2026-07-02 18:41:09.226023503,2026-07-02 19:25:09.226023503,27.8,82.4,27.154,37.76,44,1.0,657.13,True,CCS2,False,False,False
630,124,94,20260707,2026-07-07 09:31:26.430026690,2026-07-07 10:56:26.430026690,5.0,80.7,36.03,25.28,85,6.0,792.66,True,CCS2,False,False,False
631,124,169,20260717,2026-07-17 18:11:13.112291318,2026-07-17 19:01:13.112291318,12.6,70.2,29.007,33.14,50,2.0,551.13,True,CCS2,False,False,False
632,124,135,20260801,2026-08-01 13:52:32.464596290,2026-08-01 18:47:32.464596290,16.6,91.1,37.235,6.95,295,7.0,428.2,True,TYPE 2,False,False,False
633,124,115,20260821,2026-08-21 13:09:47.074713012,2026-08-21 14:02:47.074713012,8.0,73.5,31.116,36.78,53,8.0,715.67,True,CCS2,False,False,False
634,124,69,20260914,2026-09-14 11:21:57.473711977,2026-09-14 12:15:57.473711977,10.2,82.5,35.543,38.26,54,7.0,710.86,True,CCS2,False,False,False
635,129,78,20260520,2026-05-20 14:28:23.773249903,2026-05-20 15:03:23.773249903,38.5,80.8,11.234,18.44,35,1.0,271.86,True,CCS2,False,False,False
636,129,169,20260613,2026-06-13 11:04:35.192006747,2026-06-13 11:38:35.192006747,37.8,77.8,10.259,17.72,34,5.0,214.41,True,CCS2,False,False,False
637,133,57,20260429,2026-04-29 17:14:54.364731448,2026-04-29 18:05:54.364731448,23.8,79.4,46.645,53.19,51,9.0,932.9,True,CCS2,False,False,False
638,133,69,20260505,2026-05-05 11:37:37.188121538,2026-05-05 12:42:37.188121538,12.0,72.7,49.232,43.81,65,0.0,1083.1,True,CCS2,False,False,False
639,133,94,20260620,2026-06-20 09:37:28.663536209,2026-06-20 11:13:28.663536209,28.0,72.5,35.846,22.12,96,0.0,788.61,True,CCS2,False,False,False
640,133,168,20260627,2026-06-27 17:56:26.591982292,2026-06-28 10:50:26.591982292,24.4,96.1,59.914,3.19,1014,6.0,599.14,True,TYPE 2,False,False,False
641,133,169,20260817,2026-08-17 13:05:13.611270423,2026-08-17 13:40:13.611270423,25.7,71.0,38.445,67.47,35,0.0,730.46,True,CCS2,False,False,False
642,133,166,20260903,2026-09-03 09:14:53.486812331,2026-09-03 16:41:53.486812331,19.3,85.0,53.864,6.66,447,9.0,770.26,True,TYPE 2,False,False,False
643,134,108,20260726,2026-07-26 20:15:42.770030430,2026-07-26 20:52:42.770030430,34.6,77.6,21.528,35.83,37,2.0,495.14,True,CCS2,False,False,False
644,135,50,20260623,2026-06-23 08:31:17.916874472,2026-06-23 09:01:17.916874472,34.3,74.3,10.273,21.91,30,17.0,205.46,True,CCS2,False,False,False
645,135,26,20260808,2026-08-08 19:35:33.626109036,2026-08-08 21:36:33.626109036,33.4,90.5,14.589,6.89,121,9.0,160.48,True,TYPE 2,False,False,False
646,137,48,20260601,2026-06-01 14:06:32.890310731,2026-06-01 14:42:32.890310731,31.5,80.3,15.834,26.78,36,6.0,316.68,True,CCS2,False,False,False
647,137,55,20260607,2026-06-07 07:33:07.842502211,2026-06-07 08:17:07.842502211,31.0,78.1,15.124,20.38,44,6.0,302.48,True,CCS2,False,False,False
648,137,8,20260902,2026-09-02 16:48:59.296841454,2026-09-02 19:42:59.296841454,28.5,91.3,20.384,6.71,174,2.0,246.65,True,TYPE 2,False,False,False
649,139,16,20260908,2026-09-08 14:46:30.286696678,2026-09-08 20:26:30.286696678,34.9,92.3,18.826,3.07,340,9.0,207.09,True,TYPE 2,False,False,False
650,140,177,20260908,2026-09-08 21:14:16.935372006,2026-09-09 03:12:16.935372006,5.0,93.4,41.974,6.75,358,16.0,440.73,True,TYPE 2,False,False,False
651,140,148,20260918,2026-09-19 01:59:41.158183376,2026-09-19 02:56:41.158183376,5.0,79.3,36.249,36.15,57,18.0,616.23,True,CCS2,False,False,False
652,142,147,20260918,2026-09-18 15:44:18.993312437,2026-09-18 17:13:18.993312437,7.5,77.0,57.988,36.26,89,9.0,985.8,True,CCS2,False,False,False
653,143,77,20260407,2026-04-07 14:56:03.057306987,2026-04-07 15:29:03.057306987,32.1,78.1,9.77,17.25,33,5.0,214.94,True,CCS2,False,False,False
654,143,162,20260506,2026-05-06 10:30:29.619688601,2026-05-06 10:57:29.619688601,33.5,75.2,8.805,19.72,27,2.0,211.32,True,CCS2,False,False,False
655,143,84,20260517,2026-05-17 12:49:38.728589194,2026-05-17 13:16:38.728589194,33.9,72.0,7.954,18.32,27,1.0,174.99,True,CCS2,False,False,False
656,143,86,20260607,2026-06-07 09:53:20.238893166,2026-06-07 10:22:20.238893166,34.6,76.9,8.622,17.63,29,6.0,189.68,True,CCS2,False,False,False
657,143,36,20260914,2026-09-14 12:36:39.496258352,2026-09-14 16:34:39.496258352,33.5,98.4,13.147,3.17,238,9.0,144.62,True,TYPE 2,False,False,False
658,144,68,20260803,2026-08-03 08:13:42.247261840,2026-08-03 08:46:42.247261840,23.8,72.2,28.634,53.37,33,8.0,572.68,True,CCS2,False,False,False
659,144,33,20260806,2026-08-06 07:20:12.258526016,2026-08-06 08:10:12.258526016,25.0,74.5,30.918,36.85,50,3.0,714.21,True,CCS2,False,False,False
660,144,173,20260916,2026-09-16 10:31:53.330300810,2026-09-16 11:07:53.330300810,15.4,72.6,33.407,56.03,36,2.0,698.21,True,CCS2,False,False,False
661,145,142,20260331,2026-03-31 13:08:06.013579190,2026-03-31 15:17:06.013579190,29.4,88.7,15.73,6.72,129,11.0,180.9,True,TYPE 2,False,False,False
662,145,23,20260409,2026-04-09 19:40:23.752499114,2026-04-09 20:39:23.752499114,12.8,80.1,17.41,17.04,59,18.0,402.17,True,CCS2,False,False,False
663,145,170,20260414,2026-04-14 12:14:56.810511099,2026-04-14 13:14:56.810511099,5.0,78.4,18.99,18.56,60,13.0,396.89,True,CCS2,False,False,False
664,145,124,20260504,2026-05-04 10:16:23.808813273,2026-05-04 10:56:23.808813273,28.7,73.3,11.469,17.71,40,12.0,223.65,True,CCS2,False,False,False
665,145,63,20260515,2026-05-15 10:20:37.963661144,2026-05-15 17:06:37.963661144,5.0,92.1,22.786,3.11,406,17.0,227.86,True,TYPE 2,False,False,False
666,145,142,20260607,2026-06-07 17:19:34.506885119,2026-06-07 20:29:34.506885119,5.0,89.7,21.875,6.54,190,8.0,276.72,True,TYPE 2,False,False,False
667,145,142,20260609,2026-06-09 13:18:23.522142204,2026-06-09 16:02:23.522142204,12.4,89.9,20.441,6.94,164,13.0,235.07,True,TYPE 2,False,False,False
668,145,163,20260618,2026-06-18 12:29:26.463905102,2026-06-18 13:16:26.463905102,17.4,75.3,15.59,18.74,47,9.0,379.48,True,CCS2,False,False,True
669,145,63,20260620,2026-06-20 15:46:00.778677774,2026-06-20 22:34:00.778677774,8.2,95.9,23.462,3.11,408,18.0,234.62,True,TYPE 2,False,False,False
670,145,142,20260712,2026-07-12 12:38:47.313935587,2026-07-12 15:31:47.313935587,23.6,99.4,19.573,6.49,173,12.0,225.09,True,TYPE 2,False,False,False
671,145,161,20260714,2026-07-14 12:03:42.575773814,2026-07-14 12:46:42.575773814,22.4,80.0,15.684,21.11,43,18.0,414.06,True,CCS2,False,False,False
672,145,62,20260721,2026-07-21 12:57:29.973830894,2026-07-21 17:50:29.973830894,25.1,85.6,16.21,3.01,293,14.0,162.1,True,TYPE 2,False,False,False
673,145,124,20260901,2026-09-01 09:51:48.851157809,2026-09-01 10:53:48.851157809,5.0,72.1,17.502,16.69,62,9.0,341.29,True,CCS2,False,True,False
674,145,59,20260913,2026-09-13 12:05:07.238912938,2026-09-13 12:39:07.238912938,29.1,74.4,11.684,20.46,34,18.0,257.05,True,CCS2,False,False,False
675,146,123,20260623,2026-06-23 15:15:05.678868610,2026-06-23 15:55:05.678868610,35.1,81.3,23.009,35.74,40,7.0,493.54,True,CCS2,False,False,False
676,149,155,20260405,2026-04-05 11:25:24.738558231,2026-04-05 13:03:24.738558231,5.0,82.3,36.674,21.9,98,5.0,623.46,True,CCS2,False,False,False
677,149,68,20260411,2026-04-11 18:58:34.972651291,2026-04-11 19:47:34.972651291,7.3,79.1,36.219,42.06,49,7.0,796.82,True,CCS2,False,False,False
678,149,120,20260501,2026-05-01 19:46:46.891856821,2026-05-01 20:31:46.891856821,14.0,84.5,34.893,44.18,45,5.0,680.41,True,CCS2,False,False,False
679,149,24,20260507,2026-05-07 18:46:45.189374539,2026-05-07 19:35:45.189374539,5.0,73.9,32.889,41.52,49,2.0,690.67,True,CCS2,False,False,False
680,149,111,20260514,2026-05-14 16:53:39.180813618,2026-05-14 22:39:39.180813618,5.0,88.5,40.145,6.57,346,5.0,501.81,True,TYPE 2,False,False,False
681,149,120,20260516,2026-05-16 15:28:13.948667397,2026-05-16 16:22:13.948667397,5.0,72.5,33.1,35.04,54,6.0,645.45,True,CCS2,False,False,False
682,149,120,20260607,2026-06-07 14:29:33.613911895,2026-06-07 15:15:33.613911895,10.4,76.0,32.645,43.55,46,0.0,636.58,True,CCS2,False,False,False
683,149,116,20260608,2026-06-08 13:08:10.048999147,2026-06-09 00:29:10.048999147,14.4,89.3,36.498,2.99,681,0.0,456.22,True,TYPE 2,False,False,False
684,149,13,20260618,2026-06-18 19:08:42.363522995,2026-06-18 19:56:42.363522995,11.3,72.5,29.715,36.61,48,1.0,624.01,True,CCS2,False,False,False
685,149,68,20260620,2026-06-20 16:40:56.860171178,2026-06-20 17:24:56.860171178,5.0,70.1,30.847,41.91,44,9.0,616.94,True,CCS2,False,False,False
686,149,25,20260703,2026-07-03 12:03:49.770310735,2026-07-03 18:13:49.770310735,5.0,96.2,46.207,6.68,370,4.0,508.28,True,TYPE 2,False,False,False
687,149,83,20260709,2026-07-09 12:15:42.448855661,2026-07-09 13:02:42.448855661,19.0,81.4,31.475,39.38,47,2.0,692.45,True,CCS2,False,False,False
688,149,25,20260717,2026-07-17 21:45:46.199251379,2026-07-18 03:47:46.199251379,5.0,96.7,46.686,6.87,362,1.0,513.55,True,TYPE 2,False,False,False
689,149,68,20260810,2026-08-10 09:04:17.078441870,2026-08-10 10:00:17.078441870,5.0,74.9,33.211,35.75,56,3.0,730.64,True,CCS2,False,False,False
690,149,25,20260812,2026-08-12 10:54:37.809699351,2026-08-12 16:36:37.809699351,5.0,92.7,41.719,6.98,342,7.0,458.91,True,TYPE 2,False,False,False
691,149,43,20260814,2026-08-14 16:41:44.862102311,2026-08-14 17:17:44.862102311,17.9,71.1,25.225,43.05,36,4.0,554.95,True,CCS2,False,False,False
692,149,87,20260820,2026-08-20 12:16:18.345161684,2026-08-20 13:09:18.345161684,5.0,72.7,33.953,35.8,53,1.0,746.97,True,CCS2,False,False,False
693,149,25,20260824,2026-08-24 10:41:24.927455486,2026-08-24 16:35:24.927455486,5.0,93.3,43.41,6.82,354,3.0,477.51,True,TYPE 2,False,False,False
694,149,120,20260830,2026-08-30 23:41:41.854903895,2026-08-31 00:37:41.854903895,5.0,79.1,36.118,38.46,56,3.0,704.3,True,CCS2,False,False,False
695,149,120,20260912,2026-09-12 12:15:19.216844859,2026-09-12 13:09:19.216844859,5.0,80.4,36.768,40.31,54,2.0,716.98,True,CCS2,False,False,False
696,149,33,20260916,2026-09-16 17:02:03.843272637,2026-09-16 17:53:03.843272637,5.0,79.5,37.511,43.5,51,2.0,787.73,True,CCS2,False,False,False
697,150,162,20260821,2026-08-21 07:41:51.327482159,2026-08-21 08:30:51.327482159,12.9,78.8,31.608,38.34,49,3.0,834.45,True,CCS2,False,False,False
698,150,157,20260829,2026-08-29 09:09:22.031202104,2026-08-29 09:49:22.031202104,22.3,82.2,28.98,41.72,40,6.0,765.07,True,CCS2,False,False,False
699,150,165,20260907,2026-09-07 09:49:39.746407739,2026-09-07 19:18:39.746407739,24.7,91.7,32.637,3.19,569,5.0,424.28,True,TYPE 2,False,False,False
700,151,92,20260405,2026-04-05 12:16:25.739834866,2026-04-05 14:19:25.739834866,34.1,88.3,14.38,6.54,123,9.0,379.48,True,TYPE 2,False,True,True
701,155,71,20260326,2026-03-26 12:29:27.513324342,2026-03-26 13:22:27.513324342,5.0,72.0,21.84,24.73,53,3.0,436.8,True,CCS2,False,False,False
702,155,96,20260405,2026-04-05 09:58:57.607269415,2026-04-05 10:49:57.607269415,25.6,80.1,17.493,21.02,51,6.0,384.85,True,CCS2,False,False,False
703,155,37,20260408,2026-04-08 08:30:46.114329224,2026-04-08 09:23:46.114329224,15.9,84.7,23.219,25.7,53,4.0,487.6,True,CCS2,False,False,False
704,155,93,20260417,2026-04-17 13:33:57.758270140,2026-04-17 14:39:57.758270140,5.0,74.4,23.007,19.66,66,3.0,506.15,True,CCS2,False,False,False
705,155,146,20260418,2026-04-18 12:45:20.952808444,2026-04-18 19:58:20.952808444,12.9,86.4,23.828,3.1,433,2.0,214.45,True,TYPE 2,False,False,False
706,155,37,20260422,2026-04-22 12:17:12.487976283,2026-04-22 13:00:12.487976283,18.0,73.0,17.54,26.43,43,1.0,368.34,True,CCS2,False,False,False
707,155,133,20260424,2026-04-24 08:31:13.097147821,2026-04-24 09:25:13.097147821,5.0,77.7,22.945,25.48,54,2.0,493.32,True,CCS2,False,False,False
708,155,18,20260505,2026-05-05 08:38:24.413976444,2026-05-05 09:28:24.413976444,26.7,79.4,16.771,20.8,50,3.0,352.19,True,CCS2,False,False,False
709,155,16,20260526,2026-05-26 14:39:02.747652668,2026-05-26 18:44:02.747652668,5.0,96.8,31.104,6.85,245,8.0,342.14,True,TYPE 2,False,False,False
710,155,6,20260527,2026-05-27 14:44:57.913720421,2026-05-27 15:48:57.913720421,5.0,71.3,20.983,20.32,64,8.0,484.71,True,CCS2,False,False,False
711,155,37,20260530,2026-05-30 14:19:57.250826453,2026-05-30 15:14:57.250826453,8.0,82.7,24.486,26.26,55,0.0,514.21,True,CCS2,False,False,False
712,155,20,20260611,2026-06-11 15:16:37.870419510,2026-06-11 16:05:37.870419510,12.5,71.8,19.377,22.98,49,2.0,447.61,True,CCS2,False,False,False
713,155,146,20260616,2026-06-16 15:30:09.935066617,2026-06-16 23:42:09.935066617,5.0,91.2,28.809,3.19,492,9.0,259.28,True,TYPE 2,False,False,False
714,155,74,20260618,2026-06-18 12:15:41.186454643,2026-06-18 13:04:41.186454643,10.8,75.2,20.82,24.77,49,5.0,458.04,True,CCS2,False,False,False
715,155,6,20260621,2026-06-21 09:50:09.906984161,2026-06-21 10:29:09.906984161,21.2,75.5,18.345,26.65,39,8.0,385.25,True,CCS2,False,False,False
716,155,71,20260703,2026-07-03 10:08:32.347261987,2026-07-03 11:01:32.347261987,5.0,77.0,90.0,26.75,53,3.0,460.1,True,CCS2,True,False,False
717,155,133,20260705,2026-07-05 14:37:14.269186636,2026-07-05 15:43:14.269186636,5.0,78.3,23.695,21.84,66,2.0,509.44,True,CCS2,False,False,False
718,155,96,20260712,2026-07-12 12:13:40.490049396,2026-07-12 13:12:40.490049396,12.6,80.9,21.622,22.33,59,9.0,475.68,True,CCS2,False,False,False
719,155,16,20260716,2026-07-16 14:40:02.886879142,2026-07-16 18:20:02.886879142,13.2,94.7,26.273,6.72,220,3.0,289.0,True,TYPE 2,False,False,False
720,155,133,20260730,2026-07-30 10:55:08.411317121,2026-07-30 11:41:08.411317121,24.4,79.7,18.467,22.8,46,6.0,436.74,True,CCS2,False,False,False
721,155,93,20260831,2026-08-31 11:51:18.919372822,2026-08-31 12:45:18.919372822,5.0,80.2,24.651,26.08,54,7.0,542.32,True,CCS2,False,False,False
722,155,96,20260909,2026-09-09 11:58:43.349484672,2026-09-09 12:41:43.349484672,26.2,71.1,14.531,20.41,43,3.0,319.68,True,CCS2,False,False,False
723,157,134,20260416,2026-04-16 10:02:42.987450344,2026-04-16 18:55:42.987450344,5.0,94.8,29.865,3.06,533,2.0,343.45,True,TYPE 2,False,False,False
724,157,106,20260521,2026-05-21 12:14:41.766108767,2026-05-21 19:55:41.766108767,19.7,98.2,24.908,3.09,461,5.0,311.35,True,TYPE 2,False,False,False
725,157,115,20260523,2026-05-23 14:17:40.883514855,2026-05-23 15:02:40.883514855,15.8,70.0,17.5,24.14,45,3.0,402.5,True,CCS2,False,False,False
726,157,178,20260525,2026-05-25 12:35:26.841963728,2026-05-25 20:59:26.841963728,5.0,91.1,28.776,3.09,504,2.0,332.36,True,TYPE 2,False,False,False
727,157,94,20260701,2026-07-01 16:04:38.345224916,2026-07-01 16:49:38.345224916,19.2,77.9,19.022,24.77,45,5.0,418.48,True,CCS2,False,False,False
728,157,169,20260712,2026-07-12 11:12:43.310876423,2026-07-12 12:12:43.310876423,5.0,82.7,25.686,24.77,60,5.0,488.03,True,CCS2,False,False,False
729,157,132,20260718,2026-07-18 10:29:50.975424290,2026-07-18 11:23:50.975424290,5.0,77.5,23.173,26.66,54,6.0,451.87,True,CCS2,False,False,False
730,157,166,20260816,2026-08-16 16:41:52.399900754,2026-08-17 00:12:52.399900754,15.9,92.2,24.228,3.06,451,5.0,314.96,True,TYPE 2,False,False,False
731,157,132,20260821,2026-08-21 15:05:50.799842735,2026-08-21 16:00:50.799842735,18.6,74.6,18.476,20.4,55,0.0,360.28,True,CCS2,False,False,False
732,157,69,20260821,2026-08-22 05:11:28.167911613,2026-08-22 06:03:28.167911613,5.0,75.4,23.64,25.84,52,0.0,520.08,True,CCS2,False,False,False
733,157,169,20260917,2026-09-17 13:55:25.772332404,2026-09-17 14:43:25.772332404,5.0,71.4,21.947,26.19,48,5.0,416.99,True,CCS2,False,False,False
734,158,118,20260507,2026-05-07 13:18:55.101968115,2026-05-07 14:06:55.101968115,5.0,70.3,31.57,41.26,48,18.0,615.62,True,CCS2,False,False,False
735,158,34,20260523,2026-05-23 21:49:53.184519609,2026-05-24 09:15:53.184519609,10.9,89.1,37.58,3.1,686,18.0,413.38,True,TYPE 2,False,False,False
736,158,177,20260524,2026-05-24 18:23:26.093411197,2026-05-25 00:25:26.093411197,5.0,95.9,46.466,6.83,362,8.0,536.68,True,TYPE 2,False,False,False
737,158,14,20260525,2026-05-25 18:38:22.506158853,2026-05-26 00:08:22.506158853,5.0,86.0,40.36,6.71,330,12.0,488.36,True,TYPE 2,False,False,False
738,158,76,20260612,2026-06-13 01:58:02.690055163,2026-06-13 02:52:02.690055163,5.0,78.3,34.905,39.51,54,13.0,767.91,True,CCS2,False,False,False
739,158,76,20260618,2026-06-18 17:16:35.771870021,2026-06-18 18:14:35.771870021,5.0,83.0,38.506,37.64,58,14.0,847.13,True,CCS2,False,False,False
740,158,82,20260627,2026-06-27 13:08:12.066827224,2026-06-28 01:17:12.066827224,5.0,85.5,38.948,3.0,729,14.0,467.38,True,TYPE 2,False,False,False
741,158,180,20260703,2026-07-03 14:27:08.824855803,2026-07-03 15:04:08.824855803,19.7,70.9,24.987,43.17,37,9.0,549.71,True,CCS2,False,True,False
742,158,34,20260715,2026-07-15 10:43:39.414069365,2026-07-15 23:25:39.414069365,5.0,89.2,42.911,3.0,762,17.0,472.02,True,TYPE 2,False,False,False
743,158,92,20260718,2026-07-18 20:48:25.654144586,2026-07-19 03:07:25.654144586,5.0,96.6,46.028,6.61,379,10.0,379.48,True,TYPE 2,False,False,True
744,158,131,20260727,2026-07-27 15:51:18.557398784,2026-07-27 16:30:18.557398784,5.0,76.4,34.449,52.8,39,15.0,738.93,True,CCS2,False,False,False
745,158,131,20260730,2026-07-30 14:05:01.403647062,2026-07-30 14:40:01.403647062,21.7,70.2,23.631,43.57,35,8.0,506.88,True,CCS2,False,False,False
746,158,76,20260730,2026-07-31 03:55:19.863558666,2026-07-31 04:37:19.863558666,5.0,71.2,32.359,44.14,42,14.0,711.9,True,CCS2,False,False,False
747,158,14,20260802,2026-08-02 20:27:45.399882634,2026-08-03 02:20:45.399882634,6.7,96.4,42.652,6.93,353,17.0,469.17,True,TYPE 2,False,False,False
748,158,60,20260806,2026-08-06 18:14:42.700141463,2026-08-06 19:46:42.700141463,13.0,83.4,34.608,21.25,92,10.0,761.38,True,CCS2,False,False,False
749,158,14,20260808,2026-08-08 18:38:25.757644938,2026-08-08 23:35:25.757644938,13.9,89.2,38.068,6.95,297,17.0,460.62,True,TYPE 2,False,False,False
750,158,44,20260825,2026-08-25 19:20:22.953322424,2026-08-25 20:09:22.953322424,7.7,82.3,36.26,43.27,49,12.0,725.2,True,CCS2,False,False,False
751,158,82,20260830,2026-08-30 16:05:13.464094180,2026-08-31 05:34:13.464094180,6.5,99.0,45.785,3.1,809,18.0,549.42,True,TYPE 2,False,False,False
752,158,180,20260830,2026-08-31 00:20:03.704547209,2026-08-31 01:01:03.704547209,5.0,80.4,36.037,51.76,41,19.0,720.74,True,CCS2,False,False,False
753,158,148,20260907,2026-09-07 18:42:10.824718870,2026-09-07 19:22:10.824718870,5.0,77.3,35.752,52.13,40,18.0,668.56,True,CCS2,False,False,False
754,158,180,20260909,2026-09-09 18:14:24.687156539,2026-09-09 19:04:24.687156539,5.0,77.3,35.765,43.08,50,13.0,715.3,True,CCS2,False,False,False
755,160,24,20260430,2026-04-30 08:22:07.801006787,2026-04-30 08:59:07.801006787,21.2,79.4,12.429,20.99,37,7.0,261.01,True,CCS2,False,False,False
756,160,24,20260606,2026-06-06 16:18:59.144332285,2026-06-06 16:49:59.144332285,32.5,76.1,9.245,19.62,31,7.0,213.56,True,CCS2,False,False,False
757,160,120,20260904,2026-09-04 09:39:08.889591033,2026-09-04 10:14:08.889591033,32.6,83.2,10.555,17.72,35,5.0,205.82,True,CCS2,False,False,False
758,161,94,20260327,2026-03-27 07:24:35.326067718,2026-03-27 08:39:35.326067718,5.0,80.7,32.836,25.41,75,8.0,722.39,True,CCS2,False,False,False
759,161,132,20260327,2026-03-27 12:39:37.162254594,2026-03-27 13:25:37.162254594,5.0,80.8,32.826,44.34,46,9.0,640.11,True,CCS2,False,False,False
760,161,176,20260329,2026-03-29 15:11:11.865718326,2026-03-29 15:59:11.865718326,5.0,76.9,31.243,40.02,48,0.0,593.62,True,CCS2,False,False,False
761,161,176,20260329,2026-03-30 00:45:36.933925483,2026-03-30 01:33:36.933925483,5.0,72.0,90.0,37.6,48,0.0,560.5,True,CCS2,True,False,False
762,161,56,20260409,2026-04-09 17:33:27.472287506,2026-04-10 05:19:27.472287506,5.0,96.3,41.02,3.12,706,7.0,451.22,True,TYPE 2,False,False,False
763,161,134,20260502,2026-05-02 21:58:57.129195276,2026-05-03 03:03:57.129195276,5.0,89.1,37.248,6.7,305,7.0,428.35,True,TYPE 2,False,False,False
764,161,94,20260504,2026-05-04 16:16:17.209745007,2026-05-04 17:28:17.209745007,17.6,76.6,26.148,20.71,72,0.0,632.78,True,CCS2,False,False,False
765,161,135,20260512,2026-05-12 13:02:41.099996297,2026-05-12 18:02:41.099996297,5.0,89.6,35.994,6.82,300,7.0,413.93,True,TYPE 2,False,False,False
766,161,115,20260519,2026-05-19 11:23:56.974965417,2026-05-19 12:16:56.974965417,5.0,74.8,30.538,33.12,53,3.0,772.61,True,CCS2,False,False,False
767,161,166,20260601,2026-06-01 14:01:49.771610932,2026-06-01 18:53:49.771610932,5.0,87.0,36.517,6.84,292,0.0,522.19,True,TYPE 2,False,False,False
768,161,176,20260602,2026-06-02 15:42:31.260501219,2026-06-02 16:32:31.260501219,6.4,77.0,31.948,35.95,50,3.0,607.01,True,CCS2,False,False,False
769,161,134,20260613,2026-06-13 17:01:49.108106347,2026-06-13 21:35:49.108106347,21.8,98.5,33.181,6.81,274,0.0,419.74,True,TYPE 2,False,False,False
770,161,134,20260623,2026-06-23 15:19:47.544338170,2026-06-23 21:12:47.544338170,5.0,100.0,42.61,6.54,353,0.0,539.02,True,TYPE 2,False,False,False
771,161,134,20260719,2026-07-19 10:27:47.509770987,2026-07-19 15:50:47.509770987,5.0,95.7,39.752,6.83,323,5.0,457.15,True,TYPE 2,False,False,False
772,161,94,20260727,2026-07-27 20:31:41.770990489,2026-07-27 21:48:41.770990489,9.3,74.1,28.852,20.74,77,6.0,634.74,True,CCS2,False,False,False
773,161,176,20260802,2026-08-02 19:39:18.381481366,2026-08-02 20:27:18.381481366,5.0,81.0,32.185,42.38,48,2.0,611.52,True,CCS2,False,False,False
774,161,115,20260806,2026-08-06 17:45:38.216855104,2026-08-06 18:29:38.216855104,20.1,82.8,26.969,36.74,44,1.0,620.29,True,CCS2,False,False,False
775,161,57,20260818,2026-08-18 22:31:51.032058808,2026-08-18 23:15:51.032058808,5.0,83.7,34.723,44.67,44,4.0,763.91,True,CCS2,False,False,False
776,161,56,20260829,2026-08-29 17:29:59.308118319,2026-08-30 05:13:59.308118319,5.1,93.6,38.931,3.03,704,0.0,389.31,True,TYPE 2,False,False,False
777,161,141,20260903,2026-09-03 12:37:18.219964216,2026-09-03 13:40:18.219964216,5.0,84.0,35.565,32.83,63,9.0,764.65,True,CCS2,False,True,False
778,161,135,20260910,2026-09-10 11:36:02.041450926,2026-09-10 16:01:02.041450926,17.9,89.3,32.347,6.58,265,4.0,371.99,True,TYPE 2,False,False,False
779,161,57,20260916,2026-09-16 11:49:17.706737726,2026-09-16 12:25:17.706737726,21.7,76.1,23.394,41.79,36,2.0,467.88,True,CCS2,False,False,False
780,161,115,20260917,2026-09-17 14:29:57.127336928,2026-09-17 15:27:57.127336928,5.6,81.6,33.692,33.82,58,8.0,774.92,True,CCS2,False,False,False
781,162,120,20260327,2026-03-27 14:31:59.125644774,2026-03-27 15:14:59.125644774,10.3,71.4,13.329,18.09,43,7.0,285.91,True,CCS2,False,False,False
782,162,145,20260331,2026-03-31 14:01:53.746803389,2026-03-31 14:40:53.746803389,12.8,77.2,13.238,20.59,39,3.0,313.08,True,CCS2,False,False,False
783,162,68,20260415,2026-04-15 13:12:08.165367695,2026-04-15 13:46:08.165367695,26.5,82.2,11.29,21.01,34,3.0,248.38,True,CCS2,False,False,False
784,162,7,20260421,2026-04-21 09:02:31.463059072,2026-04-21 09:48:31.463059072,5.0,80.0,15.287,19.96,46,6.0,353.13,True,CCS2,False,False,False
785,162,7,20260428,2026-04-28 12:53:27.123185696,2026-04-28 13:24:27.123185696,21.4,71.3,10.428,21.46,31,2.0,218.99,True,CCS2,False,False,False
786,162,32,20260509,2026-05-09 10:02:37.992384638,2026-05-09 10:45:37.992384638,5.0,71.2,13.668,20.01,43,5.0,315.73,True,CCS2,False,False,False
787,162,87,20260516,2026-05-16 08:44:45.110454572,2026-05-16 09:27:45.110454572,8.7,76.5,14.478,19.12,43,6.0,318.52,True,CCS2,False,False,False
788,162,33,20260524,2026-05-24 06:50:16.891494403,2026-05-24 07:39:16.891494403,9.2,74.7,13.858,16.47,49,9.0,291.02,True,CCS2,False,False,False
789,162,155,20260601,2026-06-01 13:56:53.380355554,2026-06-01 14:44:53.380355554,5.0,79.0,15.983,19.19,48,1.0,271.71,True,CCS2,False,False,False
790,162,111,20260604,2026-06-04 09:18:41.675244076,2026-06-04 14:51:41.675244076,7.1,92.9,18.066,2.98,333,5.0,225.82,True,TYPE 2,False,False,False
791,162,7,20260617,2026-06-17 12:11:31.262240898,2026-06-17 12:51:31.262240898,18.2,82.4,13.918,20.25,40,8.0,292.28,True,CCS2,False,False,False
792,162,32,20260713,2026-07-13 12:04:38.337642297,2026-07-13 12:45:38.337642297,20.1,80.0,12.825,18.36,41,3.0,269.32,True,CCS2,False,False,False
793,162,145,20260727,2026-07-27 10:54:54.854441584,2026-07-27 11:29:54.854441584,21.6,76.7,11.997,20.63,35,0.0,257.94,True,CCS2,False,False,False
794,162,173,20260901,2026-09-01 14:16:49.078343130,2026-09-01 15:06:49.078343130,5.0,71.6,13.899,16.44,50,2.0,264.08,True,CCS2,False,False,False
795,163,101,20260812,2026-08-12 11:21:26.680899971,2026-08-12 12:30:26.680899971,5.0,77.6,30.722,26.8,69,6.0,777.27,True,CCS2,False,False,False
796,163,51,20260830,2026-08-30 10:09:00.627212079,2026-08-30 10:59:00.627212079,14.2,82.6,28.979,35.83,50,2.0,579.58,True,CCS2,False,False,False
797,163,171,20260918,2026-09-18 11:51:27.844210985,2026-09-18 12:31:27.844210985,19.9,72.4,23.344,33.75,40,6.0,487.89,True,CCS2,False,False,False
798,164,34,20260408,2026-04-08 14:45:49.899616373,2026-04-08 20:12:49.899616373,5.0,94.2,18.388,3.17,327,17.0,202.27,True,TYPE 2,False,False,False
799,164,180,20260416,2026-04-16 14:21:49.938931837,2026-04-16 15:07:49.938931837,5.0,71.1,14.255,18.5,46,15.0,285.1,True,CCS2,False,False,False
800,164,118,20260430,2026-04-30 13:26:01.371159063,2026-04-30 14:10:01.371159063,5.0,80.2,16.289,21.87,44,10.0,317.64,True,CCS2,False,False,False
801,164,14,20260506,2026-05-06 17:08:54.002167819,2026-05-06 22:08:54.002167819,5.0,86.2,16.869,3.15,300,8.0,204.11,True,TYPE 2,False,False,False
802,164,131,20260508,2026-05-08 12:14:37.199976415,2026-05-08 12:58:37.199976415,5.0,81.5,16.102,22.05,44,14.0,379.48,True,CCS2,False,False,True
803,164,44,20260508,2026-05-08 18:17:17.954874584,2026-05-08 18:59:17.954874584,5.0,72.6,14.033,21.42,42,17.0,280.66,True,CCS2,False,False,False
804,164,131,20260513,2026-05-13 11:17:45.463065609,2026-05-13 11:58:45.463065609,5.0,79.9,15.801,21.69,41,16.0,338.93,True,CCS2,False,False,False
805,164,118,20260526,2026-05-26 10:09:04.774266450,2026-05-26 10:56:04.774266450,5.0,80.7,16.176,19.37,47,16.0,315.43,True,CCS2,False,False,False
806,164,44,20260527,2026-05-27 13:44:03.855457503,2026-05-27 14:28:03.855457503,5.0,72.2,13.754,18.27,44,11.0,275.08,True,CCS2,False,False,False
807,164,60,20260527,2026-05-27 22:15:20.838156676,2026-05-27 22:58:20.838156676,5.0,78.7,15.053,21.13,43,8.0,331.17,True,CCS2,False,False,False
808,164,60,20260601,2026-06-01 13:34:47.502167511,2026-06-01 14:17:47.502167511,12.3,80.5,14.532,19.85,43,14.0,319.7,True,CCS2,False,False,False
809,164,148,20260602,2026-06-02 12:03:50.309885479,2026-06-02 12:49:50.309885479,5.2,80.7,15.812,19.91,46,17.0,268.8,True,CCS2,False,False,False
810,164,131,20260602,2026-06-02 19:28:18.329852456,2026-06-02 20:07:18.329852456,9.4,72.1,13.236,20.82,39,13.0,258.1,True,CCS2,False,False,False
811,164,44,20260607,2026-06-07 11:52:24.090801084,2026-06-07 12:40:24.090801084,5.0,83.2,16.844,19.8,48,15.0,336.88,True,CCS2,False,False,False
812,164,148,20260613,2026-06-13 13:35:29.043558784,2026-06-13 14:18:29.043558784,5.0,74.3,14.48,20.88,43,8.0,246.16,True,CCS2,False,False,False
813,164,148,20260616,2026-06-16 12:39:34.568229143,2026-06-16 13:19:34.568229143,5.0,73.3,14.318,20.23,40,15.0,243.41,True,CCS2,False,False,False
814,164,44,20260619,2026-06-19 10:43:22.818760827,2026-06-19 11:37:22.818760827,11.8,82.7,14.594,16.47,54,17.0,291.88,True,CCS2,False,False,False
815,164,118,20260621,2026-06-21 11:00:49.979519009,2026-06-21 11:46:49.979519009,5.0,77.4,15.075,20.02,46,9.0,323.36,True,CCS2,False,True,False
816,164,131,20260701,2026-07-01 12:40:03.319476415,2026-07-01 13:30:03.319476415,7.1,81.5,16.061,18.31,50,11.0,313.19,True,CCS2,False,False,False
817,164,131,20260702,2026-07-02 15:50:18.937350087,2026-07-02 16:44:18.937350087,5.0,80.9,16.108,17.54,54,12.0,314.11,True,CCS2,False,False,False
818,164,82,20260706,2026-07-06 15:47:48.803314689,2026-07-06 21:35:48.803314689,5.0,96.2,18.841,3.07,348,16.0,226.09,True,TYPE 2,False,False,False
819,164,14,20260706,2026-07-07 00:10:57.387149491,2026-07-07 06:10:57.387149491,5.0,99.5,19.586,3.06,360,18.0,215.45,True,TYPE 2,False,False,False
820,164,131,20260707,2026-07-07 17:05:41.775021444,2026-07-07 17:47:41.775021444,5.0,79.4,15.799,21.86,42,18.0,308.08,True,CCS2,False,False,False
821,164,180,20260709,2026-07-09 08:37:53.525130673,2026-07-09 09:20:53.525130673,5.0,72.8,14.118,20.04,43,14.0,282.36,True,CCS2,False,False,False
822,164,92,20260710,2026-07-10 12:31:58.205651364,2026-07-10 17:42:58.205651364,5.0,88.3,18.02,3.12,311,11.0,237.86,True,TYPE 2,False,False,False
823,164,14,20260712,2026-07-12 17:01:46.898528554,2026-07-12 22:05:46.898528554,5.0,86.8,16.987,3.13,304,10.0,186.86,True,TYPE 2,False,False,False
824,164,34,20260717,2026-07-17 11:24:17.579567076,2026-07-17 16:58:17.579567076,5.0,95.7,18.712,3.18,334,18.0,226.42,True,TYPE 2,False,False,False
825,164,92,20260720,2026-07-20 16:40:26.814603006,2026-07-20 21:42:26.814603006,5.0,85.9,17.081,3.12,302,13.0,204.97,True,TYPE 2,False,False,False
826,164,60,20260723,2026-07-23 17:20:19.872994769,2026-07-23 18:09:19.872994769,5.0,72.0,14.211,16.65,49,15.0,312.64,True,CCS2,False,False,False
827,164,34,20260725,2026-07-25 10:41:55.435678217,2026-07-25 14:51:55.435678217,20.2,86.8,13.531,3.09,250,13.0,148.84,True,TYPE 2,False,False,False
828,164,92,20260730,2026-07-30 12:29:11.036885671,2026-07-30 18:25:11.036885671,5.0,98.1,20.269,3.04,356,14.0,267.55,True,TYPE 2,False,False,False
829,164,177,20260730,2026-07-31 00:45:42.984787020,2026-07-31 06:03:42.984787020,5.0,86.9,17.46,3.0,318,13.0,201.66,True,TYPE 2,False,False,False
830,164,34,20260804,2026-08-04 13:15:20.163213462,2026-08-04 18:39:20.163213462,5.0,90.1,17.519,3.04,324,17.0,192.71,True,TYPE 2,False,False,False
831,164,76,20260806,2026-08-06 15:12:47.988060367,2026-08-06 16:12:47.988060367,5.0,82.9,16.797,16.44,60,9.0,335.94,True,CCS2,False,False,False
832,164,60,20260812,2026-08-12 10:35:03.780690892,2026-08-12 11:23:03.780690892,5.0,81.3,16.494,20.63,48,14.0,329.88,True,CCS2,False,False,False
833,164,180,20260812,2026-08-12 18:18:22.017625120,2026-08-12 19:08:22.017625120,5.0,78.8,15.792,19.08,50,15.0,315.84,True,CCS2,False,False,False
834,164,148,20260814,2026-08-14 13:11:31.605609744,2026-08-14 13:47:31.605609744,5.0,70.0,13.591,22.34,36,14.0,231.05,True,CCS2,False,False,False
835,164,60,20260816,2026-08-16 12:37:56.724617367,2026-08-16 13:29:56.724617367,5.0,83.8,17.151,18.51,52,13.0,343.02,True,CCS2,False,False,False
836,164,14,20260818,2026-08-18 14:05:58.770863944,2026-08-18 19:20:58.770863944,5.0,85.3,17.032,2.98,315,12.0,187.35,True,TYPE 2,False,False,False
837,164,131,20260818,2026-08-18 22:49:42.031673766,2026-08-18 23:45:42.031673766,5.0,81.2,15.525,16.35,56,12.0,302.74,True,CCS2,False,False,False
838,164,180,20260828,2026-08-28 12:53:12.009683000,2026-08-28 13:34:12.009683000,5.0,73.7,13.924,20.17,41,13.0,306.33,True,CCS2,False,False,False
839,164,76,20260901,2026-09-01 13:25:35.803054706,2026-09-01 14:13:35.803054706,19.7,84.4,14.005,17.63,48,18.0,280.1,True,CCS2,False,False,False
840,164,60,20260903,2026-09-03 18:51:16.713202437,2026-09-03 19:39:16.713202437,5.0,78.4,15.709,18.78,48,19.0,314.18,True,CCS2,False,False,False
841,164,180,20260908,2026-09-08 14:29:48.040141967,2026-09-08 15:11:48.040141967,5.0,70.1,13.977,18.75,42,16.0,279.54,True,CCS2,False,False,False
842,165,108,20260808,2026-08-08 19:05:38.079280551,2026-08-08 19:57:38.079280551,30.4,82.6,16.511,19.57,52,2.0,379.75,True,CCS2,False,False,False
843,167,36,20260815,2026-08-15 11:11:26.372768128,2026-08-15 21:01:26.372768128,14.7,91.6,34.916,3.15,590,0.0,384.08,True,TYPE 2,False,False,False
844,167,95,20260906,2026-09-06 17:38:24.184151729,2026-09-06 22:28:24.184151729,14.1,95.6,36.773,6.81,290,1.0,441.28,True,TYPE 2,False,False,False
845,167,125,20260915,2026-09-15 16:42:35.768992796,2026-09-15 17:50:35.768992796,5.0,73.2,30.044,26.1,68,5.0,585.86,True,CCS2,False,False,False
846,169,161,20260415,2026-04-15 10:21:32.786792218,2026-04-15 11:00:32.786792218,18.0,71.0,14.027,21.89,39,9.0,336.65,True,CCS2,False,False,False
847,169,142,20260417,2026-04-17 14:50:01.597890758,2026-04-17 17:48:01.597890758,5.0,88.1,21.207,6.78,178,14.0,268.27,True,TYPE 2,False,False,False
848,169,42,20260427,2026-04-27 09:11:36.772083381,2026-04-27 10:04:36.772083381,26.6,83.4,15.035,16.46,53,9.0,330.77,True,CCS2,False,True,False
849,169,137,20260503,2026-05-03 09:32:36.472607999,2026-05-03 10:20:36.472607999,20.8,83.8,16.434,20.0,48,17.0,388.66,True,CCS2,False,False,False
850,169,59,20260510,2026-05-10 12:16:24.976726197,2026-05-10 12:58:24.976726197,26.3,80.6,14.233,21.16,42,17.0,284.66,True,CCS2,False,False,False
851,169,161,20260616,2026-06-16 11:28:09.562475156,2026-06-16 12:09:09.562475156,26.3,78.7,13.962,19.97,41,11.0,335.09,True,CCS2,False,False,False
852,169,137,20260627,2026-06-27 09:10:10.532830091,2026-06-27 10:18:10.532830091,5.0,77.5,19.143,16.79,68,10.0,411.57,True,CCS2,False,False,False
853,169,163,20260725,2026-07-25 07:17:12.688222843,2026-07-25 07:54:12.688222843,25.2,72.3,12.524,19.99,37,18.0,300.58,True,CCS2,False,False,False
854,169,63,20260727,2026-07-27 10:02:32.107515292,2026-07-27 16:00:32.107515292,20.3,99.4,21.279,3.2,358,16.0,212.79,True,TYPE 2,False,False,False
855,169,170,20260821,2026-08-21 08:51:26.346928014,2026-08-21 09:31:26.346928014,25.2,75.6,12.993,20.44,40,11.0,246.87,True,CCS2,False,False,False
856,169,23,20260902,2026-09-02 10:19:24.603902370,2026-09-02 11:05:24.603902370,14.1,78.7,16.956,21.77,46,18.0,391.68,True,CCS2,False,False,False
857,170,49,20260325,2026-03-25 10:50:46.401858137,2026-03-25 11:16:46.401858137,24.8,74.3,13.6,36.92,26,0.0,272.0,True,CCS2,False,False,False
858,170,126,20260405,2026-04-05 11:07:50.110906746,2026-04-05 12:00:50.110906746,5.0,82.4,21.394,24.46,53,1.0,417.18,True,CCS2,False,False,False
859,170,64,20260407,2026-04-07 10:35:28.094341280,2026-04-07 14:01:28.094341280,5.0,95.6,25.54,6.92,206,0.0,255.4,True,TYPE 2,False,False,False
860,170,158,20260415,2026-04-15 10:21:34.617503277,2026-04-15 13:18:34.617503277,18.1,93.0,21.69,6.66,177,3.0,281.97,True,TYPE 2,False,False,False
861,170,126,20260509,2026-05-09 10:48:11.401288200,2026-05-09 11:18:11.401288200,28.9,71.6,12.0,24.16,30,8.0,234.0,True,CCS2,False,False,False
862,170,100,20260523,2026-05-23 11:44:11.405792011,2026-05-23 12:27:11.405792011,22.8,77.4,15.351,21.0,43,1.0,353.07,True,CCS2,False,False,False
863,170,108,20260613,2026-06-13 11:08:38.168572517,2026-06-13 11:43:38.168572517,8.6,80.3,20.358,37.62,35,1.0,468.23,True,CCS2,False,False,False
864,170,5,20260622,2026-06-22 11:10:30.035020405,2026-06-22 11:41:30.035020405,9.7,76.3,18.839,35.62,31,4.0,395.62,True,CCS2,False,False,False
865,170,64,20260710,2026-07-10 07:34:33.024311091,2026-07-10 10:47:33.024311091,7.5,87.9,23.456,6.64,193,6.0,234.56,True,TYPE 2,False,False,False
866,170,126,20260714,2026-07-14 11:11:23.458528781,2026-07-14 12:05:23.458528781,12.2,83.8,20.39,22.49,54,3.0,397.61,True,CCS2,False,False,False
867,170,52,20260722,2026-07-22 11:07:14.946830623,2026-07-22 11:40:14.946830623,5.0,82.9,21.809,41.15,33,9.0,436.18,True,CCS2,False,False,False
868,170,5,20260726,2026-07-26 08:26:45.889213842,2026-07-26 09:03:45.889213842,5.0,80.3,20.792,34.9,37,0.0,436.63,True,CCS2,False,False,False
869,170,144,20260804,2026-08-04 10:28:54.066841001,2026-08-04 10:54:54.066841001,16.1,73.4,15.702,40.59,26,7.0,371.35,True,CCS2,False,False,False
870,170,5,20260806,2026-08-06 11:01:01.818985650,2026-08-06 11:22:01.818985650,30.0,81.7,14.682,44.35,21,5.0,339.15,True,CCS2,False,False,False
871,170,5,20260820,2026-08-20 09:37:06.556782008,2026-08-20 09:58:06.556782008,28.6,74.5,13.48,41.85,21,5.0,311.39,True,CCS2,False,False,False
872,170,158,20260823,2026-08-23 09:49:43.216553250,2026-08-23 13:32:43.216553250,5.0,97.3,26.537,6.55,223,1.0,379.48,True,TYPE 2,False,False,False
873,170,64,20260904,2026-09-04 11:24:32.239963326,2026-09-04 14:36:32.239963326,8.5,93.0,24.126,6.98,192,2.0,241.26,True,TYPE 2,False,False,False
874,170,100,20260907,2026-09-07 11:38:53.417845489,2026-09-07 12:23:53.417845489,9.4,70.3,16.867,22.91,45,9.0,387.94,True,CCS2,False,True,False
875,170,100,20260908,2026-09-08 09:31:20.631888173,2026-09-08 10:21:20.631888173,10.0,73.9,18.011,21.49,50,0.0,455.68,True,CCS2,False,False,False
876,170,108,20260919,2026-09-19 16:29:25.506719315,2026-09-19 17:02:25.506719315,5.0,83.2,22.068,41.7,33,3.0,507.56,True,CCS2,False,False,False
877,171,1,20260610,2026-06-10 19:37:04.577441927,2026-06-10 20:15:04.577441927,25.8,78.7,25.597,39.83,38,9.0,537.54,True,CCS2,False,False,False
878,171,102,20260724,2026-07-24 22:52:03.583001044,2026-07-24 23:44:03.583001044,21.8,83.3,30.395,35.26,52,17.0,699.09,True,CCS2,False,False,False
879,172,142,20260525,2026-05-25 22:30:59.816287219,2026-05-26 02:51:59.816287219,30.6,97.4,14.292,2.99,261,18.0,164.36,True,TYPE 2,False,False,False
880,172,17,20260623,2026-06-23 15:16:24.324174013,2026-06-23 15:44:24.324174013,24.5,70.1,9.308,22.23,28,9.0,195.47,True,CCS2,False,True,False
881,172,23,20260914,2026-09-14 16:12:24.744621205,2026-09-14 16:49:24.744621205,32.7,79.9,10.119,16.97,37,12.0,212.5,True,CCS2,False,False,False
882,174,63,20260614,2026-06-14 11:21:36.353776704,2026-06-14 18:46:36.353776704,5.0,96.6,23.686,2.98,445,13.0,236.86,True,TYPE 2,False,False,False
883,174,161,20260616,2026-06-16 16:36:32.122390207,2026-06-16 17:36:32.122390207,5.0,81.0,19.755,19.73,60,17.0,474.12,True,CCS2,False,False,False
884,174,63,20260617,2026-06-17 16:04:40.411818031,2026-06-17 22:32:40.411818031,5.0,90.6,23.096,3.19,388,12.0,254.06,True,TYPE 2,False,False,False
885,174,124,20260618,2026-06-18 13:40:25.969113357,2026-06-18 14:37:25.969113357,5.0,84.3,21.138,21.48,57,14.0,453.41,True,CCS2,False,False,False
886,174,54,20260701,2026-07-01 19:16:27.779156537,2026-07-01 20:20:27.779156537,5.0,85.0,20.547,18.69,64,12.0,410.94,True,CCS2,False,False,False
887,174,17,20260726,2026-07-26 15:21:16.510134432,2026-07-26 16:19:16.510134432,5.0,84.5,21.371,21.02,58,16.0,448.79,True,CCS2,False,False,False
888,174,42,20260730,2026-07-30 11:38:06.312580417,2026-07-30 12:24:06.312580417,11.6,74.0,16.828,21.89,46,10.0,336.56,True,CCS2,False,False,False
889,174,23,20260829,2026-08-29 15:32:05.511369434,2026-08-29 16:34:05.511369434,5.0,80.9,19.383,18.75,62,15.0,407.04,True,CCS2,False,False,False
890,174,23,20260908,2026-09-08 09:57:04.309850805,2026-09-08 10:57:04.309850805,5.0,77.7,19.172,19.04,60,14.0,442.87,True,CCS2,False,False,False
891,179,161,20260401,2026-04-01 13:24:10.627827230,2026-04-01 14:02:10.627827230,21.9,73.6,13.654,21.1,38,16.0,327.7,True,CCS2,False,False,False
892,179,63,20260403,2026-04-03 10:40:20.497175355,2026-04-03 16:58:20.497175355,5.0,87.8,21.863,3.2,378,12.0,218.63,True,TYPE 2,False,False,False
893,179,170,20260502,2026-05-02 12:50:39.799162065,2026-05-02 13:33:39.799162065,25.1,82.4,14.672,20.45,43,16.0,278.77,True,CCS2,False,False,False
894,179,170,20260515,2026-05-15 16:12:33.234048974,2026-05-15 17:04:33.234048974,9.1,80.6,18.112,20.72,52,18.0,344.13,True,CCS2,False,False,False
895,179,17,20260515,2026-05-15 22:04:45.703611502,2026-05-15 22:43:45.703611502,27.1,70.5,11.671,17.81,39,9.0,269.6,True,CCS2,False,False,False
896,179,17,20260528,2026-05-28 13:52:32.539737008,2026-05-28 14:41:32.539737008,5.0,72.1,17.485,22.07,49,12.0,367.19,True,CCS2,False,False,False
897,179,59,20260602,2026-06-02 15:56:13.299632729,2026-06-02 16:54:13.299632729,16.2,76.2,15.619,16.56,58,9.0,312.38,True,CCS2,False,False,False
898,179,42,20260617,2026-06-17 12:37:27.481136682,2026-06-17 13:36:27.481136682,5.0,74.1,17.767,18.31,59,18.0,355.34,True,CCS2,False,False,False
899,179,12,20260626,2026-06-26 14:17:38.021403523,2026-06-26 15:20:38.021403523,5.0,74.0,18.165,17.24,63,12.0,381.46,True,CCS2,False,False,False
900,179,161,20260629,2026-06-29 11:29:13.288392986,2026-06-29 12:19:13.288392986,14.5,77.9,16.056,20.43,50,15.0,385.34,True,CCS2,False,False,False
901,179,161,20260707,2026-07-07 10:47:04.581192890,2026-07-07 11:44:04.581192890,5.0,78.8,19.118,19.15,57,15.0,504.72,True,CCS2,False,False,False
902,179,124,20260711,2026-07-11 14:46:53.104786972,2026-07-11 15:29:53.104786972,19.9,75.4,14.117,20.17,43,19.0,275.28,True,CCS2,False,False,False
903,179,142,20260716,2026-07-16 13:28:38.304358745,2026-07-16 16:17:38.304358745,22.0,98.0,19.432,6.66,169,19.0,245.81,True,TYPE 2,False,False,False
904,179,12,20260720,2026-07-20 17:01:28.508250724,2026-07-20 17:52:28.508250724,5.0,79.9,20.178,22.22,51,10.0,466.11,True,CCS2,False,False,False
905,179,142,20260725,2026-07-25 10:55:29.174977194,2026-07-25 13:32:29.174977194,20.3,92.4,18.966,6.79,157,9.0,218.11,True,TYPE 2,False,False,False
906,179,170,20260804,2026-08-04 10:17:29.106602695,2026-08-04 10:58:29.106602695,19.7,77.8,15.2,21.59,41,8.0,288.8,True,CCS2,False,False,False
907,179,42,20260809,2026-08-09 11:50:53.967313788,2026-08-09 12:42:53.967313788,5.0,76.1,18.365,20.77,52,10.0,367.3,True,CCS2,False,False,False
908,179,161,20260811,2026-08-11 15:23:57.499964455,2026-08-11 16:13:57.499964455,5.0,71.0,16.704,20.48,50,14.0,400.9,True,CCS2,False,False,False
909,180,178,20260327,2026-03-27 17:34:31.996032123,2026-03-28 00:44:31.996032123,14.5,98.0,24.619,3.05,430,1.0,258.5,True,TYPE 2,False,False,False
910,180,176,20260330,2026-03-30 07:36:11.915584157,2026-03-30 08:06:11.915584157,5.0,77.3,19.827,42.81,30,4.0,376.71,True,CCS2,False,False,False
911,180,178,20260426,2026-04-26 10:10:36.510615865,2026-04-26 17:53:36.510615865,5.0,96.9,26.955,3.12,463,4.0,311.33,True,TYPE 2,False,False,False
912,180,169,20260430,2026-04-30 14:10:04.168692616,2026-04-30 14:41:04.168692616,8.2,78.8,20.811,43.21,31,7.0,434.95,True,CCS2,False,False,False
913,180,166,20260511,2026-05-11 14:59:33.600799170,2026-05-11 18:18:33.600799170,5.0,87.4,23.626,6.56,199,9.0,337.85,True,TYPE 2,False,False,False
914,180,94,20260521,2026-05-21 07:29:21.729033525,2026-05-21 08:15:21.729033525,5.0,73.2,18.78,25.94,46,3.0,413.16,True,CCS2,False,False,False
915,180,94,20260522,2026-05-22 13:48:18.471456336,2026-05-22 14:32:18.471456336,10.2,70.5,17.706,24.37,44,4.0,389.53,True,CCS2,False,False,False
916,180,94,20260530,2026-05-30 14:16:57.985932492,2026-05-30 15:10:57.985932492,13.1,78.9,18.221,20.41,54,0.0,440.95,True,CCS2,False,False,False
917,180,176,20260531,2026-05-31 17:07:52.186781211,2026-05-31 17:40:52.186781211,5.0,84.5,21.826,44.39,33,5.0,456.16,True,CCS2,False,False,False
918,180,56,20260705,2026-07-05 10:03:17.108524353,2026-07-05 16:08:17.108524353,15.9,86.0,19.241,3.04,365,5.0,192.41,True,TYPE 2,False,False,False
919,180,57,20260708,2026-07-08 09:30:18.753715169,2026-07-08 09:56:18.753715169,8.0,70.7,17.479,42.58,26,8.0,384.54,True,CCS2,False,False,False
920,180,115,20260713,2026-07-13 09:22:59.046701896,2026-07-13 09:57:59.046701896,12.9,83.0,20.629,35.3,35,9.0,474.47,True,CCS2,False,False,False
921,180,57,20260719,2026-07-19 06:30:16.455319002,2026-07-19 06:55:16.455319002,17.0,74.8,16.619,42.08,25,3.0,365.62,True,CCS2,False,False,False
922,180,57,20260816,2026-08-16 11:15:20.224463547,2026-08-16 11:46:20.224463547,17.0,78.3,17.151,35.32,31,1.0,343.02,True,CCS2,False,False,False
923,180,176,20260830,2026-08-30 10:48:56.948921159,2026-08-30 11:19:56.948921159,21.7,80.5,16.822,34.24,31,6.0,319.62,True,CCS2,False,False,False
924,180,115,20260913,2026-09-13 10:26:25.617622875,2026-09-13 10:50:25.617622875,16.1,77.7,17.06,44.86,24,4.0,392.38,True,CCS2,False,False,False
925,180,106,20260915,2026-09-15 07:01:06.368256460,2026-09-15 10:31:06.368256460,8.6,99.3,26.622,6.9,210,1.0,332.77,True,TYPE 2,False,False,False
926,181,101,20260611,2026-06-11 18:23:43.592342098,2026-06-11 19:05:43.592342098,29.3,80.4,16.23,24.43,42,3.0,373.29,True,CCS2,False,False,False
927,182,102,20260325,2026-03-25 14:17:19.896271528,2026-03-25 14:55:19.896271528,19.6,72.5,14.084,22.33,38,13.0,356.33,True,CCS2,False,False,False
928,182,38,20260328,2026-03-28 17:30:42.265896209,2026-03-28 18:24:42.265896209,5.0,71.4,17.985,18.52,54,17.0,377.69,True,CCS2,False,False,False
929,182,143,20260331,2026-03-31 13:48:40.048431919,2026-03-31 14:41:40.048431919,17.7,74.4,14.392,16.83,53,11.0,340.37,True,CCS2,False,False,False
930,182,121,20260408,2026-04-08 15:40:28.105844137,2026-04-08 18:44:28.105844137,5.0,92.6,22.415,6.9,184,10.0,235.36,True,TYPE 2,False,False,False
931,182,127,20260410,2026-04-10 15:11:58.166678073,2026-04-10 16:15:58.166678073,5.0,83.7,20.497,18.49,64,8.0,399.69,True,CCS2,False,False,False
932,182,10,20260413,2026-04-13 10:56:07.315219199,2026-04-13 11:44:07.315219199,5.0,71.3,17.23,22.08,48,19.0,361.83,True,CCS2,False,False,False
933,182,10,20260413,2026-04-13 18:03:38.736405151,2026-04-13 19:04:38.736405151,7.2,84.0,19.549,19.65,61,15.0,410.53,True,CCS2,False,False,False
934,182,46,20260418,2026-04-18 12:01:18.869061242,2026-04-18 12:57:18.869061242,5.0,70.4,16.945,17.34,56,17.0,338.9,True,CCS2,False,False,False
935,182,1,20260503,2026-05-03 16:17:31.695133671,2026-05-03 17:12:31.695133671,5.0,80.5,19.82,21.28,55,10.0,416.22,True,CCS2,False,False,False
936,182,143,20260510,2026-05-10 15:12:06.299288077,2026-05-10 16:08:06.299288077,5.0,75.4,18.457,19.21,56,9.0,396.83,True,CCS2,False,False,False
937,182,181,20260512,2026-05-12 15:28:36.854428392,2026-05-12 18:29:36.854428392,15.6,97.6,21.146,6.65,181,16.0,222.03,True,TYPE 2,False,False,False
938,182,26,20260519,2026-05-19 15:20:16.202877585,2026-05-19 18:22:16.202877585,9.1,94.2,22.497,6.79,182,15.0,247.47,True,TYPE 2,False,False,False
939,182,109,20260522,2026-05-22 10:51:41.205153924,2026-05-22 11:44:41.205153924,5.0,72.3,17.803,19.62,53,14.0,450.42,True,CCS2,False,False,False
940,182,21,20260522,2026-05-22 15:01:25.879863128,2026-05-22 16:05:25.879863128,5.0,82.0,19.939,18.22,64,15.0,418.72,True,CCS2,False,False,False
941,182,10,20260607,2026-06-07 14:20:40.652381916,2026-06-07 15:17:40.652381916,5.0,75.1,18.9,18.58,57,11.0,436.59,True,CCS2,False,False,False
942,182,21,20260610,2026-06-10 12:10:53.853657371,2026-06-10 12:57:53.853657371,5.0,74.4,18.343,21.91,47,8.0,423.72,True,CCS2,False,False,False
943,182,109,20260618,2026-06-18 13:56:01.667324542,2026-06-18 14:59:01.667324542,5.0,77.1,18.549,17.39,63,12.0,426.63,True,CCS2,False,False,False
944,182,143,20260622,2026-06-22 12:54:56.358181564,2026-06-22 13:47:56.358181564,5.0,81.5,20.074,21.69,53,16.0,431.59,True,CCS2,False,False,False
945,182,73,20260701,2026-07-01 15:12:14.856726461,2026-07-01 18:15:14.856726461,5.0,90.6,22.611,6.95,183,9.0,226.11,True,TYPE 2,False,False,False
946,182,181,20260714,2026-07-14 10:40:29.300406163,2026-07-14 13:46:29.300406163,5.0,88.2,22.288,6.61,186,15.0,234.02,True,TYPE 2,False,False,False
947,182,104,20260723,2026-07-23 13:18:52.686503992,2026-07-23 14:10:52.686503992,5.0,71.3,17.257,20.08,52,13.0,396.91,True,CCS2,False,False,False
948,182,109,20260728,2026-07-28 20:06:23.219922376,2026-07-28 21:04:23.219922376,5.0,80.4,19.586,19.61,58,16.0,450.48,True,CCS2,False,False,False
949,182,127,20260814,2026-08-14 10:54:11.418152114,2026-08-14 11:48:11.418152114,18.6,79.9,16.243,17.41,54,12.0,316.74,True,CCS2,False,False,False
950,182,102,20260909,2026-09-09 20:15:49.234107500,2026-09-09 21:16:49.234107500,5.0,84.5,21.402,20.08,61,19.0,492.25,True,CCS2,False,False,False
951,183,166,20260624,2026-06-24 08:17:59.019628543,2026-06-24 11:27:59.019628543,24.4,97.2,24.224,6.98,190,4.0,346.4,True,TYPE 2,False,False,False
952,183,135,20260721,2026-07-21 16:41:28.416988755,2026-07-21 20:32:28.416988755,13.8,98.0,27.023,6.62,231,9.0,310.76,True,TYPE 2,False,False,False
953,183,176,20260912,2026-09-12 13:19:37.757401042,2026-09-12 13:58:37.757401042,29.2,70.9,13.635,22.04,39,4.0,259.06,True,CCS2,False,False,False
954,184,157,20260418,2026-04-18 15:34:54.514082815,2026-04-18 16:09:54.514082815,19.1,70.2,12.987,21.89,35,6.0,311.69,True,CCS2,False,False,False
955,184,125,20260709,2026-07-09 15:40:10.777274328,2026-07-09 16:36:10.777274328,13.2,82.4,17.627,18.57,56,4.0,343.73,True,CCS2,False,False,False
956,185,60,20260404,2026-04-04 10:56:48.891930597,2026-04-04 12:28:48.891930597,5.0,78.4,32.354,20.04,92,9.0,647.08,True,CCS2,False,False,False
957,185,34,20260427,2026-04-27 11:36:48.959414923,2026-04-27 20:29:48.959414923,27.2,92.9,27.743,2.98,533,12.0,305.17,True,TYPE 2,False,False,False
958,185,131,20260528,2026-05-28 18:02:26.239059134,2026-05-28 18:42:26.239059134,24.5,76.5,23.161,32.8,40,8.0,379.48,True,CCS2,False,False,True
959,185,180,20260530,2026-05-30 11:25:49.234866651,2026-05-30 12:09:49.234866651,5.0,75.7,30.065,42.33,44,14.0,601.3,True,CCS2,False,False,False
960,185,76,20260605,2026-06-05 11:05:41.225264686,2026-06-05 11:45:41.225264686,22.2,82.2,26.508,40.46,40,16.0,530.16,True,CCS2,False,False,False
961,185,180,20260616,2026-06-16 14:52:04.575931375,2026-06-16 15:25:04.575931375,18.6,70.7,22.683,44.01,33,9.0,453.66,True,CCS2,False,False,False
962,185,82,20260731,2026-07-31 13:32:33.473656782,2026-07-31 23:47:33.473656782,19.7,99.4,34.101,3.13,615,19.0,409.21,True,TYPE 2,False,False,False
963,185,180,20260812,2026-08-12 12:29:38.088893028,2026-08-12 12:56:38.088893028,26.7,70.0,19.51,43.9,27,11.0,390.2,True,CCS2,False,False,False
964,185,177,20260823,2026-08-23 15:33:29.667650893,2026-08-23 20:52:29.667650893,5.0,94.8,38.606,6.84,319,13.0,405.36,True,TYPE 2,False,False,False
965,185,14,20260902,2026-09-02 17:00:39.866561446,2026-09-02 21:47:39.866561446,5.0,86.4,36.627,6.85,287,13.0,402.9,True,TYPE 2,False,False,False
966,186,56,20260423,2026-04-23 11:40:24.042349568,2026-04-23 17:32:24.042349568,27.5,85.1,18.948,2.99,352,6.0,189.48,True,TYPE 2,False,False,False
967,186,56,20260506,2026-05-06 10:33:09.778359682,2026-05-06 16:47:09.778359682,22.1,85.0,21.123,3.04,374,6.0,211.23,True,TYPE 2,False,False,False
968,186,106,20260508,2026-05-08 12:48:56.797560041,2026-05-08 16:39:56.797560041,5.0,92.6,28.147,6.94,231,8.0,351.84,True,TYPE 2,False,False,False
969,186,178,20260522,2026-05-22 08:32:22.669415657,2026-05-22 17:09:22.669415657,10.3,99.5,28.476,3.13,517,5.0,299.0,True,TYPE 2,False,False,False
970,186,132,20260529,2026-05-29 12:43:12.567529846,2026-05-29 13:44:12.567529846,12.4,84.3,23.629,22.57,61,8.0,460.77,True,CCS2,False,False,False
971,186,176,20260603,2026-06-03 12:46:52.674182602,2026-06-03 13:27:52.674182602,22.8,72.5,16.576,24.09,41,4.0,314.94,True,CCS2,False,False,False
972,186,168,20260618,2026-06-18 14:44:47.782711648,2026-06-18 22:16:47.782711648,16.4,93.8,24.82,3.12,452,7.0,248.2,True,TYPE 2,False,False,False
973,186,106,20260707,2026-07-07 10:41:14.324655646,2026-07-07 14:30:14.324655646,5.0,88.4,28.05,6.62,229,3.0,350.62,True,TYPE 2,False,False,False
974,186,134,20260709,2026-07-09 09:20:27.137831524,2026-07-09 12:55:27.137831524,5.8,87.5,27.634,6.94,215,3.0,317.79,True,TYPE 2,False,False,False
975,186,168,20260718,2026-07-18 14:24:01.796455358,2026-07-18 23:15:01.796455358,5.0,97.3,31.311,3.15,531,5.0,313.11,True,TYPE 2,False,False,False
976,186,94,20260724,2026-07-24 09:35:45.455732672,2026-07-24 10:09:45.455732672,27.1,72.0,15.255,25.58,34,7.0,369.17,True,CCS2,False,False,False
977,186,168,20260729,2026-07-29 11:16:52.761682709,2026-07-29 17:53:52.761682709,17.1,86.2,22.631,3.16,397,0.0,248.94,True,TYPE 2,False,False,False
978,186,57,20260814,2026-08-14 10:36:25.405070438,2026-08-14 11:51:25.405070438,6.2,84.1,26.408,20.07,75,2.0,528.16,True,CCS2,False,False,False
979,186,78,20260828,2026-08-28 10:54:30.377697982,2026-08-28 11:44:30.377697982,11.2,73.7,20.45,24.64,50,3.0,449.9,True,CCS2,False,False,False
980,187,88,20260827,2026-08-27 14:24:56.316977195,2026-08-27 15:25:56.316977195,15.5,80.6,52.807,50.44,61,2.0,1161.75,True,CCS2,False,False,False
981,187,67,20260901,2026-09-01 11:55:48.424992190,2026-09-01 13:21:48.424992190,5.0,80.3,62.706,41.12,86,7.0,1254.12,True,CCS2,False,False,False
982,188,80,20260630,2026-06-30 13:04:35.817151721,2026-06-30 15:07:35.817151721,31.8,88.3,14.382,6.79,123,9.0,172.58,True,TYPE 2,False,False,False
983,190,20,20260605,2026-06-05 08:53:24.558299405,2026-06-05 09:29:24.558299405,29.4,84.4,26.766,44.16,36,4.0,562.09,True,CCS2,False,False,False
984,192,148,20260409,2026-04-09 16:30:22.460191962,2026-04-09 17:00:22.460191962,17.8,81.7,17.558,38.53,30,9.0,328.33,True,CCS2,False,False,False
985,192,60,20260417,2026-04-17 15:54:08.790655006,2026-04-17 16:49:08.790655006,5.0,82.2,21.39,24.15,55,12.0,427.8,True,CCS2,False,False,False
986,192,60,20260422,2026-04-22 13:21:22.761009811,2026-04-22 14:12:22.761009811,21.8,83.1,17.071,20.0,51,17.0,375.56,True,CCS2,False,False,False
987,192,76,20260516,2026-05-16 09:52:44.554020040,2026-05-16 10:15:44.554020040,18.7,71.3,14.847,44.05,23,14.0,296.94,True,CCS2,False,False,False
988,192,34,20260526,2026-05-26 15:18:03.094099415,2026-05-26 23:22:03.094099415,5.0,96.7,26.686,2.97,484,10.0,322.9,True,TYPE 2,False,False,False
989,192,180,20260530,2026-05-30 12:42:17.561308281,2026-05-30 13:07:17.561308281,23.8,81.4,16.413,43.19,25,18.0,328.26,True,CCS2,False,False,False
990,192,34,20260606,2026-06-06 07:43:36.118307485,2026-06-06 15:25:36.118307485,5.0,96.7,25.611,3.1,462,18.0,281.72,True,TYPE 2,False,False,False
991,192,76,20260618,2026-06-18 15:46:51.030997535,2026-06-18 16:09:51.030997535,19.0,72.5,15.79,40.59,23,10.0,315.8,True,CCS2,False,False,False
992,192,180,20260707,2026-07-07 10:42:08.574661659,2026-07-07 11:18:08.574661659,5.0,75.1,19.996,34.57,36,19.0,399.92,True,CCS2,False,False,False
993,192,14,20260806,2026-08-06 14:59:11.913637816,2026-08-06 17:46:11.913637816,17.9,88.4,19.454,6.75,167,10.0,235.39,True,TYPE 2,False,False,False
994,192,14,20260816,2026-08-16 09:07:36.266231590,2026-08-16 11:53:36.266231590,23.9,91.2,19.048,6.53,166,15.0,209.53,True,TYPE 2,False,False,False
995,193,35,20260402,2026-04-02 07:58:46.155579583,2026-04-02 08:47:46.155579583,11.1,82.2,35.428,41.61,49,7.0,818.39,True,CCS2,False,False,False
996,193,86,20260416,2026-04-16 14:39:31.910856745,2026-04-16 15:32:31.910856745,7.4,76.8,34.479,38.05,53,9.0,758.54,True,CCS2,False,False,False
997,193,97,20260424,2026-04-24 15:44:24.931428422,2026-04-24 16:21:24.931428422,25.5,80.5,27.734,46.53,37,3.0,610.15,True,CCS2,False,False,False
998,193,29,20260511,2026-05-11 15:24:41.160884834,2026-05-12 05:17:41.160884834,5.0,96.3,46.29,2.97,833,4.0,509.19,True,TYPE 2,False,False,False
999,193,117,20260524,2026-05-24 18:48:54.289170431,2026-05-24 19:41:54.289170431,10.0,79.3,33.31,37.9,53,9.0,649.55,True,CCS2,False,False,False
1000,193,117,20260529,2026-05-29 13:10:59.528007023,2026-05-29 13:46:59.528007023,23.8,71.2,23.12,37.78,36,8.0,450.84,True,CCS2,False,False,False
1001,193,165,20260530,2026-05-30 23:12:46.166230472,2026-05-31 12:33:46.166230472,5.0,94.3,42.593,3.03,801,3.0,553.71,True,TYPE 2,False,False,False
1002,193,113,20260602,2026-06-02 12:10:22.124827846,2026-06-02 12:48:22.124827846,5.0,73.6,34.293,52.4,38,1.0,379.48,True,CCS2,False,False,True
1003,193,147,20260707,2026-07-07 10:43:46.711497778,2026-07-07 11:19:46.711497778,18.0,72.5,26.503,43.09,36,4.0,450.55,True,CCS2,False,False,False
1004,193,147,20260718,2026-07-18 11:42:16.695598839,2026-07-18 12:34:16.695598839,14.6,79.3,30.68,35.34,52,8.0,521.56,True,CCS2,False,False,False
1005,193,138,20260720,2026-07-20 15:35:04.005370290,2026-07-20 16:16:04.005370290,20.2,79.0,29.232,41.3,41,2.0,628.49,True,CCS2,False,False,False
1006,193,36,20260731,2026-08-01 03:37:13.123575875,2026-08-01 16:16:13.123575875,5.0,93.5,43.843,3.16,759,1.0,530.5,True,TYPE 2,False,False,False
1007,193,147,20260805,2026-08-05 09:22:30.988004662,2026-08-05 10:17:30.988004662,10.1,78.2,32.871,35.5,55,1.0,558.81,True,CCS2,False,False,False
1008,193,117,20260812,2026-08-12 10:22:10.855505374,2026-08-12 11:11:10.855505374,7.3,81.7,36.466,44.0,49,3.0,711.09,True,CCS2,False,False,False
1009,193,113,20260910,2026-09-10 11:19:36.506091395,2026-09-10 12:02:36.506091395,5.0,81.3,36.549,52.21,43,9.0,840.63,True,CCS2,False,True,False
1010,193,157,20260918,2026-09-18 19:28:15.209920271,2026-09-18 20:14:15.209920271,5.3,70.8,31.622,40.85,46,7.0,758.93,True,CCS2,False,False,False
1011,196,60,20260805,2026-08-05 10:28:08.904505416,2026-08-05 11:08:08.904505416,28.5,73.3,15.156,23.46,40,13.0,303.12,True,CCS2,False,False,False
1012,196,14,20260827,2026-08-27 13:54:20.126373668,2026-08-27 22:03:20.126373668,8.0,93.5,27.443,3.16,489,16.0,332.06,True,TYPE 2,False,False,False
1013,197,46,20260718,2026-07-18 08:16:03.602730430,2026-07-18 09:00:03.602730430,26.3,82.3,18.75,25.57,44,14.0,375.0,True,CCS2,False,False,False
1014,197,151,20260722,2026-07-22 13:24:46.665319954,2026-07-22 14:26:46.665319954,5.0,73.7,22.109,21.7,62,10.0,375.85,True,CCS2,False,False,False
1015,197,127,20260804,2026-08-04 14:22:53.368336922,2026-08-04 15:21:53.368336922,5.0,76.9,23.358,23.27,59,19.0,455.48,True,CCS2,False,False,False
1016,197,151,20260827,2026-08-27 14:55:21.795212503,2026-08-27 15:52:21.795212503,5.0,79.1,24.701,24.66,57,14.0,419.92,True,CCS2,False,False,False
1017,197,1,20260901,2026-09-01 14:44:41.154535271,2026-09-01 15:40:41.154535271,13.8,81.1,21.953,22.44,56,17.0,461.01,True,CCS2,False,False,False
1018,199,79,20260704,2026-07-04 19:43:47.953493552,2026-07-04 20:27:47.953493552,24.1,78.1,17.131,23.42,44,7.0,414.57,True,CCS2,False,False,False
1019,200,69,20260425,2026-04-25 08:42:54.861927562,2026-04-25 09:24:54.861927562,26.4,75.8,23.674,34.95,42,0.0,473.48,True,CCS2,False,False,False
1020,200,176,20260523,2026-05-23 09:26:05.291616579,2026-05-23 10:08:05.291616579,25.3,81.8,26.988,40.13,42,0.0,512.77,True,CCS2,False,False,False
1021,200,106,20260719,2026-07-19 09:36:10.689076308,2026-07-19 14:10:10.689076308,20.4,89.7,34.246,6.95,274,8.0,428.08,True,TYPE 2,False,False,False
1022,200,134,20260725,2026-07-25 10:44:51.359108092,2026-07-25 16:00:51.359108092,14.0,93.6,38.932,6.85,316,3.0,492.49,True,TYPE 2,False,False,False
1023,200,115,20260816,2026-08-16 08:05:41.209317431,2026-08-16 08:47:41.209317431,10.5,70.1,29.384,40.67,42,6.0,675.83,True,CCS2,False,False,False
1024,200,115,20260907,2026-09-07 12:53:35.053747094,2026-09-07 13:29:35.053747094,22.2,77.1,27.212,43.73,36,5.0,688.46,True,CCS2,False,False,False
1025,201,56,20260329,2026-03-29 13:29:13.486650405,2026-03-29 18:33:13.486650405,27.0,93.2,18.01,3.16,304,1.0,180.1,True,TYPE 2,False,False,False
1026,201,94,20260416,2026-04-16 09:51:35.303371863,2026-04-16 10:34:35.303371863,17.3,72.2,14.403,20.07,43,2.0,316.87,True,CCS2,False,False,False
1027,201,134,20260419,2026-04-19 15:21:28.726928402,2026-04-19 18:19:28.726928402,5.0,87.4,22.385,6.76,178,4.0,257.43,True,TYPE 2,False,False,False
1028,201,134,20260422,2026-04-22 10:59:56.539528336,2026-04-22 13:38:56.539528336,25.4,96.9,18.353,6.68,159,0.0,211.06,True,TYPE 2,False,False,False
1029,201,115,20260430,2026-04-30 13:54:50.569036274,2026-04-30 14:45:50.569036274,14.7,82.3,18.062,21.4,51,9.0,415.43,True,CCS2,False,True,False
1030,201,69,20260507,2026-05-07 13:58:24.271177027,2026-05-07 14:41:24.271177027,27.4,78.0,12.819,18.61,43,9.0,256.38,True,CCS2,False,True,False
1031,201,166,20260527,2026-05-27 07:56:44.533183920,2026-05-27 10:13:44.533183920,27.5,93.1,16.823,6.98,137,9.0,218.7,True,TYPE 2,False,True,False
1032,201,94,20260713,2026-07-13 10:17:03.078854689,2026-07-13 10:58:03.078854689,27.4,83.6,15.18,22.41,41,2.0,367.36,True,CCS2,False,False,False
1033,201,132,20260718,2026-07-18 09:07:07.748936133,2026-07-18 09:59:07.748936133,9.5,80.3,18.305,20.41,52,6.0,356.95,True,CCS2,False,False,False
1034,201,78,20260807,2026-08-07 12:33:44.878722339,2026-08-07 13:26:44.878722339,21.7,81.1,15.894,17.41,53,9.0,384.63,True,CCS2,False,False,False
1035,201,132,20260813,2026-08-13 09:23:31.031601478,2026-08-13 10:14:31.031601478,8.1,74.4,16.962,20.78,51,5.0,330.76,True,CCS2,False,False,False
1036,201,166,20260829,2026-08-29 10:52:42.178561724,2026-08-29 13:57:42.178561724,5.0,91.4,21.907,6.83,185,3.0,284.79,True,TYPE 2,False,False,False
1037,204,181,20260503,2026-05-03 09:41:19.634745749,2026-05-03 13:28:19.634745749,5.9,88.2,27.265,6.68,227,9.0,286.28,True,TYPE 2,False,True,False
1038,204,50,20260504,2026-05-04 10:15:34.918298057,2026-05-04 11:20:34.918298057,7.7,81.5,23.678,21.46,65,11.0,473.56,True,CCS2,False,False,False
1039,204,19,20260505,2026-05-05 08:44:46.815270132,2026-05-05 09:35:46.815270132,22.0,76.1,18.104,20.79,51,15.0,380.18,True,CCS2,False,False,False
1040,204,121,20260512,2026-05-12 12:28:41.720357437,2026-05-12 16:20:41.720357437,5.0,88.3,27.446,6.61,232,13.0,317.0,True,TYPE 2,False,False,False
1041,204,38,20260522,2026-05-22 10:10:26.249649726,2026-05-22 10:58:26.249649726,11.9,77.6,20.837,25.63,48,9.0,437.58,True,CCS2,False,False,False
1042,204,181,20260527,2026-05-27 13:50:49.966850418,2026-05-27 16:44:49.966850418,27.9,89.4,19.736,6.57,174,16.0,227.95,True,TYPE 2,False,False,False
1043,204,28,20260527,2026-05-27 23:03:15.079111738,2026-05-28 02:46:15.079111738,6.8,88.9,27.639,6.78,223,12.0,304.03,True,TYPE 2,False,False,False
1044,204,102,20260607,2026-06-07 15:16:15.681442477,2026-06-07 16:00:15.681442477,26.6,75.3,15.504,22.68,44,18.0,392.25,True,CCS2,False,False,False
1045,204,151,20260609,2026-06-09 09:13:08.866349346,2026-06-09 09:54:08.866349346,19.9,75.0,18.69,26.89,41,9.0,317.73,True,CCS2,False,False,False
1046,204,50,20260610,2026-06-10 11:50:51.757635740,2026-06-10 12:37:51.757635740,23.5,78.9,17.675,23.98,47,17.0,388.85,True,CCS2,False,False,False
1047,204,50,20260614,2026-06-14 09:56:00.921451233,2026-06-14 10:55:00.921451233,15.0,84.2,22.576,22.38,59,8.0,451.52,True,CCS2,False,False,False
1048,204,10,20260615,2026-06-15 12:19:54.763337936,2026-06-15 13:03:54.763337936,28.0,82.9,18.114,25.26,44,17.0,418.43,True,CCS2,False,False,False
1049,204,1,20260625,2026-06-25 14:31:02.174660940,2026-06-25 15:15:02.174660940,14.1,70.3,18.926,26.05,44,16.0,437.19,True,CCS2,False,False,False
1050,204,121,20260626,2026-06-26 10:23:53.384438740,2026-06-26 13:34:53.384438740,15.9,88.4,23.659,6.96,191,13.0,248.42,True,TYPE 2,False,False,False
1051,204,102,20260701,2026-07-01 09:54:06.622825825,2026-07-01 10:41:06.622825825,22.8,80.9,19.152,23.48,47,17.0,484.55,True,CCS2,False,False,False
1052,204,181,20260706,2026-07-06 11:24:04.326314697,2026-07-06 15:33:04.326314697,6.2,97.9,29.646,6.72,249,14.0,342.41,True,TYPE 2,False,False,False
1053,204,73,20260710,2026-07-10 08:31:16.286542495,2026-07-10 11:51:16.286542495,20.2,92.8,23.138,6.61,200,19.0,231.38,True,TYPE 2,False,False,False
1054,204,127,20260714,2026-07-14 11:56:50.442494957,2026-07-14 12:50:50.442494957,5.0,73.6,23.258,24.1,54,17.0,453.53,True,CCS2,False,False,False
1055,204,167,20260716,2026-07-16 13:37:28.650449583,2026-07-16 16:42:28.650449583,20.8,86.0,21.528,6.53,185,18.0,279.86,True,TYPE 2,False,False,False
1056,204,73,20260719,2026-07-19 10:01:55.846161051,2026-07-19 13:39:55.846161051,13.1,93.7,26.649,6.83,218,12.0,293.14,True,TYPE 2,False,False,False
1057,204,151,20260813,2026-08-13 10:42:07.842150345,2026-08-13 11:20:07.842150345,24.3,73.3,16.687,25.31,38,12.0,312.05,True,CCS2,False,False,False
1058,204,167,20260813,2026-08-13 15:22:39.759546612,2026-08-13 18:23:39.759546612,22.1,87.9,21.309,6.65,181,12.0,277.02,True,TYPE 2,False,False,False
1059,204,167,20260816,2026-08-16 08:40:14.156773431,2026-08-16 12:45:14.156773431,5.9,95.3,28.73,6.65,245,13.0,373.49,True,TYPE 2,False,False,False
1060,204,143,20260828,2026-08-28 11:43:37.158546192,2026-08-28 12:47:37.158546192,5.0,84.4,25.472,23.48,64,12.0,602.41,True,CCS2,False,False,False
1061,204,38,20260909,2026-09-09 08:24:03.504908229,2026-09-09 09:31:03.504908229,5.0,78.3,23.49,20.25,67,12.0,493.29,True,CCS2,False,False,False
1062,204,38,20260912,2026-09-12 11:02:13.464880447,2026-09-12 11:38:13.464880447,28.8,71.9,14.567,22.53,36,10.0,336.5,True,CCS2,False,False,False
1063,205,133,20260402,2026-04-02 08:46:18.064860040,2026-04-02 09:38:18.064860040,5.5,74.2,18.521,20.25,52,4.0,398.2,True,CCS2,False,False,False
1064,205,18,20260402,2026-04-02 17:41:54.982548319,2026-04-02 18:37:54.982548319,12.1,76.5,16.465,18.13,56,3.0,345.76,True,CCS2,False,False,False
1065,205,20,20260410,2026-04-10 09:28:02.132509728,2026-04-10 10:14:02.132509728,11.4,73.0,16.239,21.7,46,6.0,341.02,True,CCS2,False,False,False
1066,205,75,20260415,2026-04-15 14:24:37.716320895,2026-04-15 15:07:37.716320895,27.2,81.2,14.486,20.05,43,4.0,289.72,True,CCS2,False,False,False
1067,205,20,20260427,2026-04-27 10:51:19.486406524,2026-04-27 11:30:19.486406524,18.9,71.3,14.249,20.99,39,0.0,299.23,True,CCS2,False,False,False
1068,205,22,20260428,2026-04-28 14:56:58.995350418,2026-04-28 15:58:58.995350418,5.0,85.0,20.45,20.01,62,1.0,429.45,True,CCS2,False,False,False
1069,205,96,20260429,2026-04-29 07:50:11.405011006,2026-04-29 08:41:11.405011006,5.0,78.7,19.04,22.34,51,9.0,418.88,True,CCS2,False,False,False
1070,205,96,20260503,2026-05-03 13:06:56.766780356,2026-05-03 13:42:56.766780356,28.7,72.0,11.61,19.55,36,9.0,280.96,True,CCS2,False,False,False
1071,205,18,20260512,2026-05-12 13:11:41.927129334,2026-05-12 13:56:41.927129334,25.3,76.4,13.059,17.38,45,1.0,274.24,True,CCS2,False,False,False
1072,205,18,20260522,2026-05-22 12:07:45.257152756,2026-05-22 13:04:45.257152756,12.2,78.8,17.418,17.36,57,9.0,402.36,True,CCS2,False,False,False
1073,205,129,20260530,2026-05-30 15:28:52.969503479,2026-05-30 16:20:52.969503479,5.0,77.7,90.0,22.37,52,2.0,381.83,True,CCS2,True,False,False
1074,205,37,20260602,2026-06-02 10:36:18.395515257,2026-06-02 11:33:18.395515257,5.0,78.5,19.328,19.66,57,5.0,405.89,True,CCS2,False,False,False
1075,205,37,20260604,2026-06-04 15:32:36.359928189,2026-06-04 16:29:36.359928189,5.0,84.5,21.136,20.72,57,3.0,443.86,True,CCS2,False,False,False
1076,205,133,20260615,2026-06-15 11:29:41.671571127,2026-06-15 12:14:41.671571127,5.0,70.1,17.235,22.37,45,9.0,370.55,True,CCS2,False,False,False
1077,205,146,20260617,2026-06-17 09:36:12.612974611,2026-06-17 16:38:12.612974611,5.0,97.4,23.913,3.16,422,8.0,236.74,True,TYPE 2,False,False,False
1078,205,31,20260630,2026-06-30 09:45:45.784909810,2026-06-30 12:09:45.784909810,23.6,89.1,17.652,6.73,144,7.0,213.59,True,TYPE 2,False,False,False
1079,205,75,20260729,2026-07-29 14:22:11.506367512,2026-07-29 14:57:11.506367512,28.8,72.5,11.488,19.51,35,0.0,252.74,True,CCS2,False,False,False
1080,205,133,20260813,2026-08-13 11:08:18.498881230,2026-08-13 11:40:18.498881230,29.9,74.1,11.565,20.84,32,6.0,248.65,True,CCS2,False,False,False
1081,205,129,20260828,2026-08-28 09:15:38.964922367,2026-08-28 10:09:38.964922367,5.0,75.1,18.356,20.59,54,5.0,357.94,True,CCS2,False,False,False
1082,205,20,20260906,2026-09-06 14:39:32.858729883,2026-09-06 15:24:32.858729883,21.2,79.4,15.394,20.71,45,1.0,355.6,True,CCS2,False,False,False
1083,205,74,20260910,2026-09-10 12:18:56.796674781,2026-09-10 13:16:56.796674781,5.0,72.3,17.605,17.4,58,9.0,352.1,True,CCS2,False,True,False
1084,205,74,20260914,2026-09-14 12:53:50.805101601,2026-09-14 13:46:50.805101601,5.0,75.6,18.037,19.91,53,4.0,360.74,True,CCS2,False,False,False
1085,205,6,20260915,2026-09-15 08:28:06.820807772,2026-09-15 09:12:06.820807772,20.5,73.5,14.42,18.54,44,8.0,302.82,True,CCS2,False,False,False
1086,206,85,20260516,2026-05-16 15:19:26.527385920,2026-05-16 15:59:26.527385920,34.9,74.5,12.908,20.55,40,9.0,312.37,True,CCS2,False,False,False
1087,206,85,20260910,2026-09-10 10:58:26.751175895,2026-09-10 11:47:26.751175895,21.2,82.6,19.992,23.18,49,6.0,439.82,True,CCS2,False,False,False
1088,207,44,20260515,2026-05-15 18:06:52.441795133,2026-05-15 18:47:52.441795133,25.7,78.2,22.155,33.4,41,13.0,443.1,True,CCS2,False,False,False
1089,207,92,20260830,2026-08-30 14:55:22.667116980,2026-08-30 18:20:22.667116980,33.5,91.0,26.026,6.82,205,18.0,312.31,True,TYPE 2,False,False,False
1090,208,109,20260330,2026-03-30 08:55:15.993049893,2026-03-30 09:26:15.993049893,16.7,79.9,18.462,34.93,31,13.0,424.63,True,CCS2,False,False,False
1091,208,102,20260401,2026-04-01 19:11:34.183010586,2026-04-01 19:46:34.183010586,5.0,77.0,19.79,36.52,35,16.0,500.69,True,CCS2,False,False,False
1092,208,1,20260425,2026-04-25 17:13:34.343171609,2026-04-25 17:47:34.343171609,5.0,72.6,19.107,36.47,34,17.0,401.25,True,CCS2,False,False,False
1093,208,167,20260520,2026-05-20 13:38:43.250482594,2026-05-20 16:18:43.250482594,24.2,91.2,18.9,6.75,160,12.0,270.27,True,TYPE 2,False,False,False
1094,208,28,20260607,2026-06-07 15:14:23.220956004,2026-06-07 17:46:23.220956004,29.7,93.8,17.747,6.72,152,14.0,214.74,True,TYPE 2,False,False,False
1095,208,102,20260613,2026-06-13 14:35:51.400692974,2026-06-13 15:02:51.400692974,13.1,75.3,17.831,38.22,27,15.0,410.11,True,CCS2,False,False,False
1096,208,151,20260619,2026-06-19 08:54:16.816396947,2026-06-19 09:28:16.816396947,25.2,74.6,13.691,23.86,34,13.0,232.75,True,CCS2,False,False,False
1097,208,121,20260623,2026-06-23 14:36:37.823761776,2026-06-23 18:05:37.823761776,5.0,90.6,23.664,6.52,209,18.0,248.47,True,TYPE 2,False,False,False
1098,208,46,20260629,2026-06-29 11:03:32.120968523,2026-06-29 11:42:32.120968523,5.0,78.3,21.273,33.83,39,9.0,425.46,True,CCS2,False,False,False
1099,208,109,20260826,2026-08-26 19:24:49.502070890,2026-08-26 19:56:49.502070890,14.6,82.8,19.272,36.78,32,15.0,487.58,True,CCS2,False,False,False
1100,208,9,20260830,2026-08-30 15:43:20.287305313,2026-08-30 16:13:20.287305313,5.0,74.8,19.689,42.83,30,10.0,454.82,True,CCS2,False,False,False
1101,208,109,20260901,2026-09-01 08:39:55.182092777,2026-09-01 09:10:55.182092777,5.0,83.1,21.724,40.74,31,17.0,549.62,True,CCS2,False,False,False
1102,208,9,20260902,2026-09-02 16:48:10.286183025,2026-09-02 17:21:10.286183025,5.0,73.5,18.743,34.71,33,12.0,379.48,True,CCS2,False,False,True
1103,208,38,20260903,2026-09-03 11:12:02.097580994,2026-09-03 11:36:02.097580994,15.4,72.8,15.754,43.05,24,8.0,363.92,True,CCS2,False,False,False
1104,208,104,20260905,2026-09-05 12:18:44.608004970,2026-09-05 12:47:44.608004970,19.4,76.7,16.695,34.86,29,9.0,383.99,True,CCS2,False,True,False
1105,208,46,20260910,2026-09-10 15:27:42.474514695,2026-09-10 15:54:42.474514695,10.0,70.2,17.532,42.18,27,15.0,385.7,True,CCS2,False,False,False
1106,208,50,20260913,2026-09-13 08:30:46.242176601,2026-09-13 09:01:46.242176601,20.4,82.7,17.966,35.13,31,18.0,359.32,True,CCS2,False,False,False
1107,209,12,20260915,2026-09-15 12:59:40.476633794,2026-09-15 13:51:40.476633794,23.8,79.0,17.904,20.08,52,8.0,375.98,True,CCS2,False,False,False
1108,210,177,20260405,2026-04-05 11:42:17.739591589,2026-04-05 14:27:17.739591589,9.2,85.7,20.353,6.79,165,15.0,213.71,True,TYPE 2,False,False,False
1109,210,148,20260407,2026-04-07 15:22:17.465028052,2026-04-07 16:13:17.465028052,5.0,79.2,18.898,21.42,51,9.0,321.27,True,CCS2,False,False,False
1110,210,180,20260408,2026-04-08 14:14:30.459606102,2026-04-08 14:54:30.459606102,16.8,74.5,15.057,22.0,40,14.0,301.14,True,CCS2,False,False,False
1111,210,131,20260422,2026-04-22 18:55:08.289858170,2026-04-22 19:48:08.289858170,5.0,70.4,17.424,19.62,53,15.0,339.77,True,CCS2,False,False,False
1112,210,44,20260522,2026-05-22 15:28:54.986653407,2026-05-22 16:25:54.986653407,5.0,76.4,18.57,19.12,57,15.0,408.54,True,CCS2,False,False,False
1113,210,177,20260606,2026-06-06 13:49:58.595397516,2026-06-06 16:41:58.595397516,17.2,98.6,21.323,6.88,172,16.0,223.89,True,TYPE 2,False,False,False
1114,210,131,20260613,2026-06-13 19:15:03.235935916,2026-06-13 20:18:03.235935916,5.0,77.8,19.071,17.19,63,12.0,371.88,True,CCS2,False,False,False
1115,210,180,20260613,2026-06-14 02:40:48.221059525,2026-06-14 03:48:48.221059525,5.0,83.1,19.983,17.53,68,9.0,439.63,True,CCS2,False,False,False
1116,210,177,20260618,2026-06-18 14:04:33.071636679,2026-06-18 17:16:33.071636679,5.0,93.6,22.802,6.8,192,10.0,239.42,True,TYPE 2,False,False,False
1117,210,60,20260620,2026-06-20 14:36:31.339058165,2026-06-20 15:42:31.339058165,5.0,83.6,21.156,18.32,66,8.0,465.43,True,CCS2,False,False,False
1118,210,148,20260620,2026-06-20 21:28:49.125380269,2026-06-20 22:08:49.125380269,16.8,72.7,14.747,21.38,40,11.0,250.7,True,CCS2,False,False,False
1119,210,14,20260622,2026-06-22 13:12:01.008552805,2026-06-22 16:10:01.008552805,18.2,96.9,20.381,6.49,178,9.0,224.19,True,TYPE 2,False,False,False
1120,210,118,20260709,2026-07-09 19:53:11.903134725,2026-07-09 20:49:11.903134725,5.0,77.9,18.685,19.67,56,16.0,364.36,True,CCS2,False,False,False
1121,210,177,20260716,2026-07-16 18:22:43.262936348,2026-07-16 21:35:43.262936348,5.0,94.3,24.139,6.75,193,13.0,253.46,True,TYPE 2,False,False,False
1122,210,177,20260717,2026-07-17 20:33:16.151122050,2026-07-17 23:52:16.151122050,5.0,94.9,22.87,6.58,199,13.0,240.14,True,TYPE 2,False,False,False
1123,210,60,20260726,2026-07-26 13:38:51.538037778,2026-07-26 14:40:51.538037778,5.0,75.8,18.316,17.12,62,8.0,366.32,True,CCS2,False,False,False
1124,210,180,20260729,2026-07-29 18:49:56.825693481,2026-07-29 19:39:56.825693481,5.0,72.3,17.753,20.73,50,8.0,390.57,True,CCS2,False,False,False
1125,210,180,20260806,2026-08-06 13:09:45.228452666,2026-08-06 13:46:45.228452666,21.5,71.2,12.926,20.94,37,10.0,258.52,True,CCS2,False,False,False
1126,210,118,20260809,2026-08-09 14:06:25.521921592,2026-08-09 15:06:25.521921592,5.0,72.3,18.187,17.19,60,15.0,354.65,True,CCS2,False,False,False
1127,210,118,20260819,2026-08-19 11:14:39.014433766,2026-08-19 12:19:39.014433766,5.0,80.4,19.376,17.4,65,11.0,415.62,True,CCS2,False,False,False
1128,210,34,20260821,2026-08-21 17:01:08.125651592,2026-08-22 00:22:08.125651592,5.0,97.8,24.129,3.06,441,11.0,265.42,True,TYPE 2,False,False,False
1129,210,34,20260917,2026-09-17 17:45:56.303365762,2026-09-17 23:58:56.303365762,9.3,89.7,21.458,3.13,373,17.0,236.04,True,TYPE 2,False,False,False
1130,211,80,20260603,2026-06-03 13:39:56.974348514,2026-06-03 17:19:56.974348514,27.9,85.9,11.764,3.09,220,9.0,141.17,True,TYPE 2,False,False,False
1131,211,80,20260805,2026-08-05 16:45:40.974092179,2026-08-05 21:06:40.974092179,30.2,97.4,13.89,3.0,261,0.0,166.68,True,TYPE 2,False,False,False
1132,212,177,20260331,2026-03-31 13:27:42.425557355,2026-03-31 17:10:42.425557355,5.0,97.2,25.496,6.6,223,15.0,267.71,True,TYPE 2,False,False,False
1133,212,118,20260417,2026-04-17 14:55:17.052450874,2026-04-17 15:29:17.052450874,5.0,75.0,20.261,35.67,34,11.0,395.09,True,CCS2,False,False,False
1134,212,92,20260422,2026-04-22 12:35:39.199852558,2026-04-22 16:02:39.199852558,5.0,91.8,24.394,6.7,207,18.0,292.73,True,TYPE 2,False,False,False
1135,212,131,20260426,2026-04-26 13:53:47.447665929,2026-04-26 14:21:47.447665929,11.2,76.4,19.132,44.11,28,14.0,373.07,True,CCS2,False,False,False
1136,212,82,20260429,2026-04-29 11:40:36.313619706,2026-04-29 19:07:36.313619706,5.0,95.0,25.46,3.17,447,11.0,305.52,True,TYPE 2,False,False,False
1137,212,148,20260503,2026-05-03 17:09:17.501427673,2026-05-03 17:39:17.501427673,22.0,81.7,16.581,37.55,30,17.0,281.88,True,CCS2,False,False,False
1138,212,82,20260531,2026-05-31 11:40:38.592017539,2026-05-31 19:17:38.592017539,9.8,98.8,24.921,3.07,457,11.0,299.05,True,TYPE 2,False,False,False
1139,212,60,20260603,2026-06-03 21:46:49.585604673,2026-06-03 22:31:49.585604673,5.0,70.7,19.082,24.94,45,18.0,381.64,True,CCS2,False,False,False
1140,212,34,20260607,2026-06-07 08:41:22.220660374,2026-06-07 16:19:22.220660374,5.0,97.8,25.778,3.17,458,8.0,283.56,True,TYPE 2,False,False,False
1141,212,118,20260610,2026-06-10 08:32:20.623298179,2026-06-10 08:59:20.623298179,18.2,77.3,17.217,39.28,27,10.0,335.73,True,CCS2,False,False,False
1142,212,180,20260610,2026-06-10 16:01:36.061137297,2026-06-10 16:39:36.061137297,5.0,82.8,22.377,37.53,38,15.0,492.29,True,CCS2,False,False,False
1143,212,92,20260612,2026-06-12 14:52:20.522977267,2026-06-12 18:29:20.522977267,5.0,99.7,27.73,6.87,217,16.0,332.76,True,TYPE 2,False,False,False
1144,212,82,20260705,2026-07-05 18:00:39.690661257,2026-07-06 01:21:39.690661257,5.0,91.4,25.021,3.07,441,9.0,300.25,True,TYPE 2,False,False,False
1145,212,44,20260707,2026-07-07 20:39:25.879520728,2026-07-07 21:18:25.879520728,5.0,79.7,21.082,33.89,39,9.0,421.64,True,CCS2,False,False,False
1146,212,92,20260708,2026-07-08 13:03:14.460637608,2026-07-08 16:05:14.460637608,15.4,93.8,21.734,6.79,182,9.0,260.81,True,TYPE 2,False,False,False
1147,212,92,20260709,2026-07-09 18:58:44.177989775,2026-07-09 22:03:44.177989775,7.0,85.4,22.607,6.68,185,11.0,271.28,True,TYPE 2,False,False,False
1148,212,148,20260711,2026-07-11 17:33:39.772090731,2026-07-11 18:06:39.772090731,5.0,82.9,22.548,42.47,33,13.0,383.32,True,CCS2,False,False,False
1149,212,60,20260713,2026-07-13 19:41:43.371872776,2026-07-13 20:43:43.371872776,5.0,79.1,20.584,19.72,62,9.0,411.68,True,CCS2,False,False,False
1150,212,14,20260714,2026-07-14 18:02:46.941323749,2026-07-14 21:12:46.941323749,5.0,87.4,23.979,6.96,190,14.0,290.15,True,TYPE 2,False,False,False
1151,212,148,20260717,2026-07-17 20:18:37.252932140,2026-07-17 20:48:37.252932140,5.0,75.4,20.515,42.87,30,17.0,383.63,True,CCS2,False,False,False
1152,212,131,20260722,2026-07-22 16:35:52.254159679,2026-07-22 17:02:52.254159679,16.6,81.3,18.509,41.67,27,14.0,360.93,True,CCS2,False,False,False
1153,212,92,20260723,2026-07-23 14:50:21.658974296,2026-07-23 18:20:21.658974296,5.0,97.0,26.832,6.92,210,12.0,321.98,True,TYPE 2,False,False,False
1154,212,44,20260729,2026-07-29 15:01:43.268277728,2026-07-29 15:34:43.268277728,6.1,79.6,20.942,41.11,33,18.0,418.84,True,CCS2,False,False,False
1155,212,76,20260824,2026-08-24 14:14:27.598183929,2026-08-24 14:45:27.598183929,5.0,73.5,18.826,39.56,31,15.0,376.52,True,CCS2,False,False,False
1156,212,148,20260828,2026-08-28 14:58:23.027490001,2026-08-28 15:26:23.027490001,15.5,71.5,15.867,35.76,28,16.0,269.74,True,CCS2,False,False,False
1157,212,82,20260901,2026-09-01 16:21:46.297732380,2026-09-01 23:49:46.297732380,5.0,95.9,25.406,3.19,448,9.0,335.36,True,TYPE 2,False,False,False
1158,212,60,20260902,2026-09-02 09:58:04.880184915,2026-09-02 10:57:04.880184915,5.0,76.7,21.143,20.82,59,12.0,422.86,True,CCS2,False,False,False
1159,212,148,20260904,2026-09-04 18:17:29.802164827,2026-09-04 18:50:29.802164827,5.0,71.8,19.272,35.56,33,19.0,327.62,True,CCS2,False,False,False
1160,212,34,20260912,2026-09-12 16:36:31.274068418,2026-09-12 23:44:31.274068418,5.0,87.0,23.194,3.01,428,8.0,280.65,True,TYPE 2,False,False,False
1161,212,34,20260913,2026-09-13 16:40:10.483971433,2026-09-13 23:30:10.483971433,5.0,86.3,23.108,3.12,410,11.0,254.19,True,TYPE 2,False,False,False
1162,213,36,20260330,2026-03-30 10:37:52.994993513,2026-03-30 21:35:52.994993513,5.0,89.9,35.953,3.11,658,0.0,395.48,True,TYPE 2,False,False,False
1163,213,130,20260414,2026-04-14 14:08:53.116197697,2026-04-14 15:00:53.116197697,5.0,82.5,33.568,39.2,52,3.0,654.58,True,CCS2,False,False,False
1164,213,36,20260418,2026-04-18 17:29:51.441983385,2026-04-19 04:30:51.441983385,5.0,90.5,36.474,3.12,661,1.0,401.21,True,TYPE 2,False,False,False
1165,213,86,20260424,2026-04-24 18:13:23.023353977,2026-04-24 19:03:23.023353977,5.0,84.8,34.071,42.03,50,2.0,749.56,True,CCS2,False,False,False
1166,213,149,20260424,2026-04-25 05:49:01.377054790,2026-04-25 06:30:01.377054790,21.2,80.2,25.932,38.9,41,6.0,440.84,True,CCS2,False,False,False
1167,213,113,20260429,2026-04-29 21:48:12.411050709,2026-04-29 22:33:12.411050709,5.0,71.1,28.466,39.63,45,8.0,654.72,True,CCS2,False,False,False
1168,213,113,20260430,2026-04-30 15:34:50.981788027,2026-04-30 16:26:50.981788027,6.8,74.0,29.403,33.67,52,1.0,743.9,True,CCS2,False,False,False
1169,213,97,20260502,2026-05-02 20:22:10.677155458,2026-05-02 21:12:10.677155458,5.0,78.1,31.019,38.55,50,5.0,682.42,True,CCS2,False,False,False
1170,213,147,20260522,2026-05-22 12:34:15.713984915,2026-05-22 13:32:15.713984915,5.0,81.4,32.301,33.7,58,3.0,549.12,True,CCS2,False,False,False
1171,213,130,20260601,2026-06-01 09:48:22.383457569,2026-06-01 10:34:22.383457569,5.0,77.3,32.04,42.78,46,6.0,624.78,True,CCS2,False,False,False
1172,213,117,20260625,2026-06-25 07:24:16.791575323,2026-06-25 08:06:16.791575323,5.0,75.3,30.843,42.99,42,6.0,601.44,True,CCS2,False,False,False
1173,213,139,20260626,2026-06-26 17:44:33.835729157,2026-06-26 18:28:33.835729157,5.0,74.8,29.809,40.22,44,0.0,704.98,True,CCS2,False,False,False
1174,213,139,20260626,2026-06-27 06:12:00.417881957,2026-06-27 06:54:00.417881957,5.0,70.2,28.038,38.91,42,1.0,602.82,True,CCS2,False,False,False
1175,213,139,20260630,2026-06-30 08:06:46.038453042,2026-06-30 08:54:46.038453042,5.0,72.2,30.144,35.04,48,5.0,648.1,True,CCS2,False,False,False
1176,213,84,20260711,2026-07-11 12:47:36.601811497,2026-07-11 13:33:36.601811497,5.0,82.0,34.565,43.2,46,1.0,379.48,True,CCS2,False,False,True
1177,213,114,20260718,2026-07-18 15:35:28.772061160,2026-07-19 02:53:28.772061160,14.0,98.8,36.372,3.02,678,4.0,454.65,True,TYPE 2,False,False,False
1178,213,125,20260801,2026-08-01 22:39:38.186966766,2026-08-01 23:57:38.186966766,6.3,74.4,29.23,21.83,78,8.0,569.99,True,CCS2,False,False,False
1179,213,97,20260807,2026-08-07 18:34:49.786727364,2026-08-07 19:18:49.786727364,9.2,77.0,29.938,38.35,44,9.0,724.5,True,CCS2,False,False,False
1180,213,139,20260815,2026-08-15 13:37:05.637715490,2026-08-15 14:21:05.637715490,5.0,70.0,27.999,39.48,44,6.0,601.98,True,CCS2,False,False,False
1181,213,162,20260816,2026-08-16 12:40:35.108675686,2026-08-16 13:27:35.108675686,21.7,84.8,28.404,36.56,47,3.0,749.87,True,CCS2,False,False,False
1182,213,97,20260819,2026-08-19 15:57:11.731317694,2026-08-19 16:49:11.731317694,15.8,83.5,29.707,33.07,52,0.0,653.55,True,CCS2,False,False,False
1183,213,117,20260915,2026-09-15 11:17:01.756630859,2026-09-15 12:07:01.756630859,5.0,74.2,29.584,35.82,50,7.0,576.89,True,CCS2,False,False,False
1184,214,104,20260408,2026-04-08 20:42:14.726449213,2026-04-08 21:27:14.726449213,5.3,79.2,31.2,40.86,45,19.0,717.6,True,CCS2,False,False,False
1185,214,73,20260413,2026-04-13 11:34:14.135121365,2026-04-13 16:26:14.135121365,5.0,87.1,34.672,6.79,292,14.0,381.39,True,TYPE 2,False,False,False
1186,214,38,20260417,2026-04-17 20:51:25.116022486,2026-04-17 21:40:25.116022486,5.0,81.1,33.747,38.59,49,14.0,779.56,True,CCS2,False,False,False
1187,214,167,20260423,2026-04-23 15:57:57.059070306,2026-04-23 20:10:57.059070306,20.0,88.6,29.618,6.57,253,12.0,385.03,True,TYPE 2,False,False,False
1188,214,102,20260424,2026-04-24 13:54:46.407905098,2026-04-24 14:29:46.407905098,19.9,79.3,26.379,43.47,35,16.0,606.72,True,CCS2,False,False,False
1189,214,73,20260425,2026-04-25 11:15:38.918030958,2026-04-25 16:22:38.918030958,9.9,93.6,36.113,6.6,307,10.0,361.13,True,TYPE 2,False,False,False
1190,214,1,20260427,2026-04-27 18:17:05.577044795,2026-04-27 19:02:05.577044795,5.0,77.9,31.234,43.88,45,13.0,721.51,True,CCS2,False,False,False
1191,214,167,20260507,2026-05-07 13:50:22.941660911,2026-05-07 19:32:22.941660911,5.0,99.2,40.496,6.65,342,10.0,526.45,True,TYPE 2,False,False,False
1192,214,46,20260516,2026-05-16 12:06:17.941846804,2026-05-16 13:01:17.941846804,5.0,78.6,32.173,33.51,55,18.0,707.81,True,CCS2,False,False,False
1193,214,10,20260519,2026-05-19 16:30:01.668071061,2026-05-19 17:15:01.668071061,5.0,81.7,34.791,43.25,45,14.0,730.61,True,CCS2,False,False,False
1194,214,19,20260524,2026-05-24 21:31:49.308744237,2026-05-24 22:11:49.308744237,5.0,73.2,30.576,43.23,40,18.0,642.1,True,CCS2,False,False,False
1195,214,151,20260526,2026-05-26 14:59:22.390355250,2026-05-26 16:08:22.390355250,19.1,84.2,27.718,24.05,69,15.0,471.21,True,CCS2,False,False,False
1196,214,21,20260527,2026-05-27 12:01:45.379226528,2026-05-27 12:48:45.379226528,5.0,84.9,35.907,42.9,47,12.0,754.05,True,CCS2,False,False,False
1197,214,1,20260608,2026-06-08 13:37:12.910189727,2026-06-08 14:29:12.910189727,5.0,74.8,31.255,34.45,52,8.0,656.36,True,CCS2,False,False,False
1198,214,1,20260623,2026-06-23 15:13:34.160765490,2026-06-23 16:10:34.160765490,5.0,77.2,32.244,32.64,57,13.0,677.12,True,CCS2,False,False,False
1199,214,1,20260623,2026-06-23 22:58:06.026672983,2026-06-23 23:41:06.026672983,19.2,78.4,25.638,36.62,43,11.0,538.4,True,CCS2,False,False,False
1200,214,1,20260623,2026-06-24 08:51:44.472170473,2026-06-24 09:29:44.472170473,6.9,71.8,27.766,44.34,38,8.0,583.09,True,CCS2,False,False,False
1201,214,26,20260625,2026-06-25 12:51:46.607036148,2026-06-25 17:55:46.607036148,5.0,88.4,36.385,6.67,304,18.0,400.23,True,TYPE 2,False,False,False
1202,214,10,20260629,2026-06-29 15:29:46.101906916,2026-06-29 16:16:46.101906916,5.0,80.5,32.74,41.55,47,19.0,687.54,True,CCS2,False,False,False
1203,214,50,20260708,2026-07-08 21:56:36.707841914,2026-07-08 22:42:36.707841914,5.0,76.1,30.676,40.63,46,15.0,613.52,True,CCS2,False,False,False
1204,214,38,20260712,2026-07-12 18:06:15.291359143,2026-07-12 18:52:15.291359143,5.0,81.9,34.206,43.71,46,14.0,718.33,True,CCS2,False,False,False
1205,214,38,20260716,2026-07-16 17:12:16.930364401,2026-07-16 17:58:16.930364401,5.0,76.4,31.486,39.94,46,18.0,661.21,True,CCS2,False,False,False
1206,214,181,20260718,2026-07-18 20:23:23.068156933,2026-07-19 02:05:23.068156933,5.0,99.1,41.619,6.7,342,18.0,480.7,True,TYPE 2,False,False,False
1207,214,50,20260719,2026-07-19 14:09:29.861214299,2026-07-19 14:51:29.861214299,20.5,79.4,25.035,38.45,42,17.0,500.7,True,CCS2,False,False,False
1208,214,21,20260724,2026-07-24 19:23:37.632188577,2026-07-24 20:02:37.632188577,8.8,74.0,29.453,42.94,39,13.0,618.51,True,CCS2,False,False,False
1209,214,50,20260805,2026-08-05 22:25:31.858721733,2026-08-05 23:09:31.858721733,20.5,84.9,27.868,39.07,44,16.0,613.1,True,CCS2,False,False,False
1210,214,46,20260809,2026-08-09 10:02:16.629470795,2026-08-09 10:58:16.629470795,5.0,77.3,32.388,32.58,56,18.0,647.76,True,CCS2,False,False,False
1211,214,38,20260819,2026-08-19 20:26:33.939681931,2026-08-19 21:09:33.939681931,5.0,73.6,29.916,40.3,43,9.0,628.24,True,CCS2,False,False,False
1212,214,21,20260823,2026-08-23 22:23:30.994110900,2026-08-23 23:17:30.994110900,5.0,80.5,32.256,35.36,54,18.0,677.38,True,CCS2,False,False,False
1213,214,1,20260902,2026-09-02 17:02:21.359056459,2026-09-02 17:55:21.359056459,5.0,78.9,31.627,34.86,53,19.0,664.17,True,CCS2,False,False,False
1214,215,9,20260423,2026-04-23 17:19:53.649783955,2026-04-23 18:08:53.649783955,28.9,82.5,17.47,20.83,49,14.0,366.87,True,CCS2,False,False,False
1215,215,21,20260719,2026-07-19 12:14:00.925639744,2026-07-19 13:07:00.925639744,15.3,82.6,21.907,24.49,53,15.0,460.05,True,CCS2,False,False,False
1216,216,76,20260406,2026-04-06 11:43:03.306835569,2026-04-06 12:47:03.306835569,5.9,83.6,21.015,18.63,64,9.0,420.3,True,CCS2,False,True,False
1217,216,44,20260413,2026-04-13 16:42:46.991217892,2026-04-13 17:46:46.991217892,11.8,81.8,18.484,16.71,64,18.0,406.65,True,CCS2,False,False,False
1218,216,177,20260430,2026-04-30 09:10:37.234620972,2026-04-30 12:16:37.234620972,11.9,96.1,21.574,6.62,186,13.0,226.53,True,TYPE 2,False,False,False
1219,216,44,20260523,2026-05-23 18:19:26.363143174,2026-05-23 19:08:26.363143174,11.5,72.1,15.861,19.46,49,18.0,317.22,True,CCS2,False,False,False
1220,216,180,20260523,2026-05-23 23:02:19.019323207,2026-05-24 00:11:19.019323207,5.0,84.7,20.747,17.98,69,18.0,414.94,True,CCS2,False,False,False
1221,216,131,20260526,2026-05-26 13:39:25.786677018,2026-05-26 14:32:25.786677018,20.7,78.4,15.115,16.81,53,10.0,294.74,True,CCS2,False,False,False
1222,216,180,20260604,2026-06-04 15:59:20.818808982,2026-06-04 16:47:20.818808982,5.0,70.8,17.863,21.38,48,14.0,392.99,True,CCS2,False,False,False
1223,216,131,20260608,2026-06-08 15:14:09.691362236,2026-06-08 16:08:09.691362236,25.2,84.8,16.121,16.53,54,17.0,314.36,True,CCS2,False,False,False
1224,216,60,20260609,2026-06-09 11:28:11.707603307,2026-06-09 12:21:11.707603307,13.1,79.5,17.207,19.91,53,8.0,344.14,True,CCS2,False,False,False
1225,216,118,20260621,2026-06-21 16:01:55.975722771,2026-06-21 16:38:55.975722771,25.0,75.6,13.029,21.38,37,9.0,279.47,True,CCS2,False,False,False
1226,216,92,20260625,2026-06-25 11:05:39.117676489,2026-06-25 13:26:39.117676489,24.2,88.9,16.669,6.7,141,11.0,200.03,True,TYPE 2,False,False,False
1227,216,118,20260630,2026-06-30 12:08:00.213519347,2026-06-30 12:49:00.213519347,22.1,73.8,13.926,19.94,41,17.0,271.56,True,CCS2,False,False,False
1228,216,82,20260707,2026-07-07 09:29:49.069452340,2026-07-07 15:30:49.069452340,19.1,94.8,19.25,3.06,361,19.0,231.0,True,TYPE 2,False,False,False
1229,216,14,20260724,2026-07-24 12:08:41.835603394,2026-07-24 14:35:41.835603394,26.1,94.8,17.558,6.86,147,9.0,193.14,True,TYPE 2,False,False,False
1230,216,131,20260826,2026-08-26 12:30:04.823492825,2026-08-26 13:03:04.823492825,27.3,70.1,11.008,19.67,33,12.0,236.12,True,CCS2,False,False,False
1231,216,44,20260903,2026-09-03 13:11:32.296409275,2026-09-03 14:00:32.296409275,25.6,81.2,14.745,17.06,49,15.0,324.39,True,CCS2,False,False,False
1232,218,134,20260623,2026-06-23 18:42:11.089586146,2026-06-24 00:31:11.089586146,6.4,91.8,43.53,6.71,349,2.0,500.6,True,TYPE 2,False,False,False
1233,218,78,20260702,2026-07-02 09:32:03.907911527,2026-07-02 10:13:03.907911527,25.0,76.5,25.438,37.23,41,6.0,559.64,True,CCS2,False,False,False
1234,218,178,20260725,2026-07-25 13:04:31.404948128,2026-07-25 22:42:31.404948128,23.1,86.5,30.05,2.98,578,5.0,315.53,True,TYPE 2,False,False,False
1235,218,132,20260913,2026-09-13 15:54:50.847021146,2026-09-13 16:47:50.847021146,5.0,82.8,38.949,42.19,53,4.0,835.46,True,CCS2,False,False,False
1236,220,40,20260419,2026-04-19 17:34:49.567801850,2026-04-19 17:39:49.567801850,5.0,5.1,1.492,42.72,5,11.0,34.47,False,CCS2,False,False,False
1237,220,46,20260423,2026-04-23 16:26:18.435360364,2026-04-23 17:10:18.435360364,10.2,82.3,32.086,43.4,44,10.0,641.72,True,CCS2,False,False,False
1238,220,109,20260501,2026-05-01 10:41:08.956610690,2026-05-01 11:28:08.956610690,5.0,79.8,32.719,41.08,47,14.0,827.79,True,CCS2,False,False,False
1239,220,181,20260524,2026-05-24 13:53:20.884428601,2026-05-24 17:37:20.884428601,26.1,89.3,27.792,6.94,224,12.0,321.0,True,TYPE 2,False,False,False
1240,220,46,20260613,2026-06-13 08:19:31.928949613,2026-06-13 09:09:31.928949613,5.0,81.3,33.825,39.84,50,10.0,676.5,True,CCS2,False,False,False
1241,220,151,20260701,2026-07-01 14:41:22.995139482,2026-07-01 15:53:22.995139482,20.5,83.5,28.293,21.87,72,17.0,480.98,True,CCS2,False,False,False
1242,220,38,20260719,2026-07-19 14:35:42.604635177,2026-07-19 15:23:42.604635177,6.0,70.9,28.697,35.93,48,17.0,602.64,True,CCS2,False,False,False
1243,220,181,20260814,2026-08-14 10:17:57.403473738,2026-08-14 15:49:57.403473738,5.0,98.4,40.033,6.84,332,19.0,420.35,True,TYPE 2,False,False,False
1244,220,121,20260823,2026-08-23 14:22:31.053561911,2026-08-23 18:34:31.053561911,23.9,93.5,29.463,6.71,252,13.0,309.36,True,TYPE 2,False,False,False
1245,220,104,20260912,2026-09-12 12:33:56.325272930,2026-09-12 13:01:56.325272930,26.2,70.9,20.2,44.94,28,8.0,464.6,True,CCS2,False,False,False
1246,221,55,20260502,2026-05-02 08:31:16.299561300,2026-05-02 09:18:16.299561300,23.6,80.9,28.878,34.05,47,6.0,577.56,True,CCS2,False,False,False
1247,221,8,20260528,2026-05-28 09:35:03.735266815,2026-05-28 15:35:03.735266815,7.5,94.3,44.037,6.59,360,1.0,484.41,True,TYPE 2,False,False,False
1248,221,128,20260611,2026-06-11 12:05:31.531043060,2026-06-11 23:58:31.531043060,18.0,99.2,38.638,3.09,713,9.0,405.7,True,TYPE 2,False,False,False
1249,221,27,20260617,2026-06-17 11:45:03.275043980,2026-06-17 21:56:03.275043980,26.1,95.5,33.236,3.08,611,3.0,402.16,True,TYPE 2,False,False,False
1250,221,128,20260704,2026-07-04 11:25:40.981206257,2026-07-04 22:38:40.981206257,9.3,86.3,37.805,3.1,673,8.0,436.65,True,TYPE 2,False,False,False
1251,221,55,20260729,2026-07-29 12:20:29.361469407,2026-07-29 13:25:29.361469407,8.2,81.2,35.846,33.1,65,5.0,788.61,True,CCS2,False,False,False
1252,221,112,20260822,2026-08-22 10:58:06.751159922,2026-08-22 11:48:06.751159922,13.0,82.9,33.757,39.82,50,7.0,776.41,True,CCS2,False,False,False
1253,221,112,20260905,2026-09-05 14:18:13.067282750,2026-09-05 15:02:13.067282750,12.9,78.6,31.794,44.07,44,4.0,731.26,True,CCS2,False,False,False
1254,221,91,20260909,2026-09-09 16:04:52.816004461,2026-09-10 03:14:52.816004461,15.9,91.7,38.081,3.07,670,4.0,456.97,True,TYPE 2,False,False,False
1255,222,34,20260329,2026-03-29 09:47:36.250404029,2026-03-29 15:00:36.250404029,27.8,90.7,18.249,3.16,313,14.0,200.74,True,TYPE 2,False,False,False
1256,222,92,20260420,2026-04-20 16:46:40.920145531,2026-04-20 19:54:40.920145531,13.2,95.2,22.862,6.98,188,15.0,274.34,True,TYPE 2,False,False,False
1257,222,118,20260516,2026-05-16 09:30:23.165903357,2026-05-16 10:01:23.165903357,14.1,83.9,20.251,41.69,31,17.0,394.89,True,CCS2,False,False,False
1258,222,82,20260614,2026-06-14 13:20:01.488302333,2026-06-14 19:33:01.488302333,24.7,96.5,21.039,3.03,373,10.0,252.47,True,TYPE 2,False,False,False
1259,222,92,20260624,2026-06-24 11:56:02.792761742,2026-06-24 14:54:02.792761742,18.6,96.2,22.513,6.89,178,16.0,270.16,True,TYPE 2,False,False,False
1260,222,177,20260712,2026-07-12 13:24:00.211314592,2026-07-12 15:49:00.211314592,25.5,88.2,18.069,6.83,145,8.0,189.72,True,TYPE 2,False,False,False
1261,222,148,20260716,2026-07-16 07:23:25.327773512,2026-07-16 08:00:25.327773512,9.6,83.7,21.298,33.89,37,19.0,362.07,True,CCS2,False,False,False
1262,222,82,20260810,2026-08-10 14:18:07.654657476,2026-08-10 20:34:07.654657476,23.4,99.5,21.659,3.19,376,12.0,259.91,True,TYPE 2,False,False,False
1263,222,60,20260817,2026-08-17 10:46:58.798524868,2026-08-17 11:37:58.798524868,11.4,81.8,20.073,23.75,51,19.0,441.61,True,CCS2,False,False,False
1264,222,131,20260907,2026-09-07 12:00:39.488916593,2026-09-07 12:26:39.488916593,18.7,71.2,14.735,39.07,26,19.0,287.33,True,CCS2,False,False,False
1265,223,143,20260429,2026-04-29 15:47:46.395766657,2026-04-29 16:23:46.395766657,20.8,80.7,50.578,85.98,36,10.0,1087.43,True,CCS2,False,False,False
1266,223,181,20260509,2026-05-09 11:25:56.339579474,2026-05-09 22:03:56.339579474,5.0,98.4,77.158,6.62,638,10.0,891.17,True,TYPE 2,False,False,False
1267,223,21,20260525,2026-05-25 14:05:58.491842670,2026-05-25 14:54:58.491842670,5.0,83.1,64.976,79.3,49,10.0,1364.5,True,CCS2,False,False,False
1268,223,73,20260605,2026-06-06 03:19:51.703755668,2026-06-06 13:08:51.703755668,5.0,92.1,72.34,6.71,589,18.0,723.4,True,TYPE 2,False,False,False
1269,223,72,20260614,2026-06-14 11:46:23.966007890,2026-06-14 21:55:23.966007890,5.0,94.7,71.281,6.65,609,8.0,712.81,True,TYPE 2,False,False,False
1270,223,38,20260730,2026-07-30 17:16:20.942075889,2026-07-30 17:55:20.942075889,5.0,79.1,58.819,96.54,39,19.0,1235.2,True,CCS2,False,False,False
1271,223,28,20260827,2026-08-27 23:29:50.137617007,2026-08-28 07:54:50.137617007,20.6,93.3,60.624,6.5,505,8.0,666.86,True,TYPE 2,False,False,False
1272,223,72,20260830,2026-08-31 03:28:09.584705747,2026-08-31 11:26:09.584705747,20.8,89.7,58.188,6.53,478,8.0,581.88,True,TYPE 2,False,False,False
1273,224,13,20260517,2026-05-17 09:08:24.108398912,2026-05-17 09:48:24.108398912,29.3,79.6,29.997,44.31,40,3.0,629.94,True,CCS2,False,False,False
1274,224,120,20260731,2026-07-31 18:56:31.745910785,2026-07-31 19:38:31.745910785,9.2,78.6,43.237,59.69,42,9.0,843.12,True,CCS2,False,False,False
1275,224,120,20260815,2026-08-15 08:23:37.425249634,2026-08-15 09:04:37.425249634,16.8,74.2,34.856,49.08,41,6.0,747.66,True,CCS2,False,False,False
1276,224,173,20260817,2026-08-17 10:45:04.185715101,2026-08-17 11:23:04.185715101,15.0,82.3,40.139,62.06,38,2.0,762.64,True,CCS2,False,False,False
1277,224,145,20260831,2026-08-31 11:43:26.381764261,2026-08-31 12:58:26.381764261,27.6,71.9,27.044,19.96,75,5.0,581.45,True,CCS2,False,False,False
1278,226,165,20260825,2026-08-25 11:30:14.549784810,2026-08-26 05:31:14.549784810,22.8,96.9,59.286,3.1,1081,8.0,770.72,True,TYPE 2,False,False,False
1279,227,38,20260812,2026-08-12 16:39:31.154906126,2026-08-12 17:15:31.154906126,19.1,82.8,51.847,94.04,36,14.0,1197.67,True,CCS2,False,False,False
1280,227,21,20260820,2026-08-20 13:08:39.470027532,2026-08-20 13:38:39.470027532,29.9,79.0,39.442,88.89,30,18.0,828.28,True,CCS2,False,False,False
1281,227,102,20260918,2026-09-18 15:08:31.877462731,2026-09-18 16:40:31.877462731,12.0,83.2,58.509,37.02,92,10.0,1345.71,True,CCS2,False,False,False
1282,228,87,20260505,2026-05-05 13:53:46.049186169,2026-05-05 15:06:46.049186169,5.0,72.3,56.319,44.05,73,2.0,1239.02,True,CCS2,False,False,False
1283,228,83,20260517,2026-05-17 18:38:54.282102065,2026-05-17 19:14:54.282102065,5.0,77.1,58.923,101.18,36,6.0,1425.94,True,CCS2,False,False,False
1284,228,13,20260517,2026-05-18 11:38:34.900493284,2026-05-18 12:39:34.900493284,10.6,72.0,49.83,47.4,61,8.0,1046.43,True,CCS2,False,False,False
1285,228,25,20260526,2026-05-26 22:32:11.536075153,2026-05-27 07:45:11.536075153,7.9,88.1,64.672,6.59,553,0.0,782.53,True,TYPE 2,False,False,False
1286,228,25,20260603,2026-06-03 18:17:21.862228679,2026-06-04 03:26:21.862228679,5.0,88.3,66.721,6.9,549,6.0,733.93,True,TYPE 2,False,False,False
1287,228,33,20260606,2026-06-06 14:43:52.910168270,2026-06-06 16:07:52.910168270,15.4,82.7,53.616,37.03,84,5.0,1238.53,True,CCS2,False,False,False
1288,228,33,20260612,2026-06-12 08:56:05.420398865,2026-06-12 10:18:05.420398865,5.0,82.2,63.854,43.47,82,9.0,1475.03,True,CCS2,False,False,False
1289,228,13,20260616,2026-06-16 18:44:14.483037110,2026-06-16 19:46:14.483037110,17.7,70.3,41.785,41.78,62,0.0,877.48,True,CCS2,False,False,False
1290,228,32,20260617,2026-06-17 11:50:15.014549071,2026-06-17 13:30:15.014549071,5.0,83.0,62.331,35.87,100,0.0,1439.85,True,CCS2,False,False,False
1291,228,7,20260622,2026-06-22 13:12:53.945476308,2026-06-22 14:03:53.945476308,16.9,84.2,55.481,66.3,51,3.0,1281.61,True,CCS2,False,False,False
1292,228,173,20260708,2026-07-09 02:00:01.138460377,2026-07-09 02:42:01.138460377,14.3,80.8,54.731,81.33,42,6.0,1143.88,True,CCS2,False,False,False
1293,228,83,20260708,2026-07-09 11:01:16.185142443,2026-07-09 11:32:16.185142443,19.7,81.2,51.976,101.92,31,2.0,1143.47,True,CCS2,False,False,False
1294,228,87,20260805,2026-08-05 21:43:05.885461435,2026-08-05 23:09:05.885461435,5.0,82.9,61.728,41.5,86,7.0,1358.02,True,CCS2,False,False,False
1295,228,7,20260830,2026-08-30 21:55:48.098834118,2026-08-30 22:37:48.098834118,5.0,75.8,59.197,86.44,42,0.0,1243.14,True,CCS2,False,False,False
1296,228,111,20260909,2026-09-09 15:05:10.661249936,2026-09-10 01:27:10.661249936,6.3,98.3,75.752,6.69,622,2.0,946.9,True,TYPE 2,False,False,False
1297,228,87,20260918,2026-09-18 18:42:19.914297205,2026-09-18 19:58:19.914297205,16.2,76.8,50.874,37.38,76,8.0,1231.15,True,CCS2,False,False,False
1298,229,109,20260325,2026-03-25 16:26:59.860592403,2026-03-25 17:22:59.860592403,5.0,83.1,20.974,21.22,56,10.0,482.4,True,CCS2,False,False,False
1299,229,72,20260329,2026-03-29 10:25:01.743710982,2026-03-29 13:21:01.743710982,13.0,93.6,21.777,6.72,176,16.0,239.55,True,TYPE 2,False,False,False
1300,229,38,20260403,2026-04-03 15:08:14.517081622,2026-04-03 16:02:14.517081622,5.0,82.0,20.082,21.32,54,12.0,421.72,True,CCS2,False,False,False
1301,229,72,20260411,2026-04-11 11:41:58.917763770,2026-04-11 14:19:58.917763770,20.0,89.9,18.012,6.57,158,17.0,180.12,True,TYPE 2,False,False,False
1302,229,121,20260415,2026-04-15 10:45:51.088201715,2026-04-15 13:58:51.088201715,5.0,91.4,23.395,6.56,193,12.0,245.65,True,TYPE 2,False,False,False
1303,229,50,20260426,2026-04-26 08:54:28.519287259,2026-04-26 09:34:28.519287259,21.1,72.3,13.606,19.64,40,19.0,272.12,True,CCS2,False,False,False
1304,229,21,20260501,2026-05-01 12:13:23.875080098,2026-05-01 13:04:23.875080098,5.0,72.9,18.252,19.97,51,10.0,383.29,True,CCS2,False,False,False
1305,229,73,20260502,2026-05-02 11:29:54.782385107,2026-05-02 14:26:54.782385107,5.0,86.4,21.088,6.69,177,8.0,210.88,True,TYPE 2,False,False,False
1306,229,181,20260504,2026-05-04 10:06:24.052763150,2026-05-04 12:31:24.052763150,22.4,89.0,17.242,6.73,145,9.0,181.04,True,TYPE 2,False,False,False
1307,229,19,20260510,2026-05-10 09:03:09.935183839,2026-05-10 09:47:09.935183839,19.3,78.9,15.157,20.7,44,11.0,318.3,True,CCS2,False,False,False
1308,229,102,20260520,2026-05-20 13:45:54.484740476,2026-05-20 14:37:54.484740476,16.3,79.2,16.857,18.29,52,18.0,387.71,True,CCS2,False,False,False
1309,229,127,20260529,2026-05-29 19:54:22.449793576,2026-05-29 20:45:22.449793576,5.0,79.0,19.998,21.55,51,15.0,389.96,True,CCS2,False,False,False
1310,229,38,20260529,2026-05-29 23:20:25.871991285,2026-05-30 00:09:25.871991285,25.9,81.5,14.705,18.4,49,15.0,308.81,True,CCS2,False,False,False
1311,229,121,20260614,2026-06-14 09:58:12.644392209,2026-06-14 12:13:12.644392209,27.4,86.2,15.313,6.53,135,17.0,160.79,True,TYPE 2,False,False,False
1312,229,28,20260617,2026-06-17 12:10:46.339398779,2026-06-17 15:00:46.339398779,14.1,92.1,21.271,6.68,170,18.0,233.98,True,TYPE 2,False,False,False
1313,229,38,20260707,2026-07-07 11:01:33.775420408,2026-07-07 11:52:33.775420408,6.0,73.4,17.743,19.77,51,10.0,409.86,True,CCS2,False,False,False
1314,229,167,20260710,2026-07-10 12:24:04.192375667,2026-07-10 15:05:04.192375667,17.7,91.1,19.108,6.79,161,11.0,273.24,True,TYPE 2,False,False,False
1315,229,109,20260711,2026-07-11 10:40:55.738272629,2026-07-11 11:34:55.738272629,8.2,76.7,17.462,20.03,54,19.0,401.63,True,CCS2,False,False,False
1316,229,1,20260712,2026-07-12 10:58:50.530707885,2026-07-12 11:46:50.530707885,15.5,75.3,15.599,19.11,48,10.0,327.58,True,CCS2,False,False,False
1317,229,151,20260728,2026-07-28 12:25:04.152758240,2026-07-28 13:09:04.152758240,24.2,84.9,16.376,21.23,44,10.0,278.39,True,CCS2,False,False,False
1318,229,73,20260729,2026-07-29 10:25:51.048004175,2026-07-29 12:46:51.048004175,25.7,91.2,16.915,6.93,141,14.0,169.15,True,TYPE 2,False,False,False
1319,229,46,20260816,2026-08-16 11:51:17.015533521,2026-08-16 12:42:17.015533521,16.2,80.7,17.478,19.19,51,16.0,349.56,True,CCS2,False,False,False
1320,229,38,20260821,2026-08-21 13:28:09.617613950,2026-08-21 14:25:09.617613950,5.0,84.5,20.796,20.57,57,15.0,436.72,True,CCS2,False,False,False
1321,229,50,20260822,2026-08-22 18:37:09.212218949,2026-08-22 19:24:09.212218949,19.1,74.7,14.177,17.91,47,14.0,283.54,True,CCS2,False,False,False
1322,231,49,20260404,2026-04-04 09:51:16.133615236,2026-04-04 10:52:16.133615236,5.0,82.9,25.447,24.35,61,2.0,508.94,True,CCS2,False,False,False
1323,231,52,20260405,2026-04-05 12:57:44.684612987,2026-04-05 13:54:44.684612987,5.0,75.2,23.228,23.21,57,9.0,511.02,True,CCS2,False,False,False
1324,231,100,20260406,2026-04-06 08:55:56.917485345,2026-04-06 09:56:56.917485345,5.0,84.6,25.61,25.87,61,3.0,647.93,True,CCS2,False,False,False
1325,231,90,20260414,2026-04-14 09:17:40.548193500,2026-04-14 10:22:40.548193500,5.0,73.0,22.023,19.96,65,2.0,532.96,True,CCS2,False,False,False
1326,231,126,20260422,2026-04-22 13:04:57.223343695,2026-04-22 13:58:57.223343695,5.0,70.9,22.287,24.12,54,8.0,434.6,True,CCS2,False,False,False
1327,231,11,20260508,2026-05-08 10:04:49.609711001,2026-05-08 11:02:49.609711001,5.0,84.0,25.604,25.3,58,2.0,537.68,True,CCS2,False,False,False
1328,231,11,20260520,2026-05-20 11:52:58.693968882,2026-05-20 12:54:58.693968882,8.2,83.9,24.52,22.75,62,1.0,566.41,True,CCS2,False,False,False
1329,231,158,20260522,2026-05-22 11:42:31.154672045,2026-05-22 15:50:31.154672045,5.0,93.8,28.462,6.57,248,3.0,370.01,True,TYPE 2,False,False,False
1330,231,49,20260527,2026-05-27 07:11:19.390671493,2026-05-27 08:18:19.390671493,7.9,81.4,24.686,21.34,67,3.0,493.72,True,CCS2,False,False,False
1331,231,70,20260528,2026-05-28 11:59:16.815570210,2026-05-28 12:59:16.815570210,5.0,81.9,25.086,24.03,60,9.0,501.72,True,CCS2,False,False,False
1332,231,49,20260530,2026-05-30 11:34:56.059343948,2026-05-30 12:22:56.059343948,9.9,76.5,22.018,25.98,48,1.0,440.36,True,CCS2,False,False,False
1333,231,144,20260609,2026-06-09 12:47:23.203180481,2026-06-09 13:38:23.203180481,12.4,84.4,24.116,26.39,51,3.0,570.34,True,CCS2,False,False,False
1334,231,158,20260624,2026-06-24 12:24:24.754160406,2026-06-24 16:29:24.754160406,5.0,94.0,29.584,6.65,245,5.0,384.59,True,TYPE 2,False,False,False
1335,231,90,20260630,2026-06-30 16:25:34.397494407,2026-06-30 17:24:34.397494407,5.0,74.4,23.522,21.66,59,7.0,517.48,True,CCS2,False,False,False
1336,231,158,20260802,2026-08-02 18:04:48.398051769,2026-08-02 21:57:48.398051769,5.0,93.4,29.445,6.95,233,6.0,421.06,True,TYPE 2,False,False,False
1337,231,126,20260802,2026-08-03 02:57:08.438175050,2026-08-03 04:07:08.438175050,10.0,82.8,24.575,19.91,70,4.0,527.13,True,CCS2,False,False,False
1338,231,100,20260816,2026-08-16 08:54:21.965914602,2026-08-16 09:36:21.965914602,21.5,73.0,16.827,25.38,42,2.0,425.72,True,CCS2,False,False,False
1339,231,52,20260818,2026-08-18 14:52:36.920928050,2026-08-18 15:47:36.920928050,13.7,84.3,22.652,24.47,55,5.0,453.04,True,CCS2,False,False,False
1340,231,144,20260820,2026-08-20 08:20:06.457407650,2026-08-20 09:11:06.457407650,13.3,73.1,19.728,23.4,51,4.0,424.15,True,CCS2,False,False,False
1341,231,11,20260918,2026-09-18 09:11:33.696075107,2026-09-18 10:17:33.696075107,5.0,71.8,22.288,19.57,66,8.0,468.05,True,CCS2,False,False,False
1342,231,108,20260919,2026-09-19 10:14:02.427465852,2026-09-19 11:06:02.427465852,25.4,79.9,17.888,19.67,52,8.0,411.42,True,CCS2,False,False,False
1343,232,34,20260405,2026-04-05 14:23:47.195388636,2026-04-05 21:38:47.195388636,21.6,93.3,23.426,2.98,435,15.0,283.45,True,TYPE 2,False,False,False
1344,232,76,20260512,2026-05-12 18:45:10.008584847,2026-05-12 19:45:10.008584847,14.4,82.9,21.834,22.47,60,8.0,436.68,True,CCS2,False,False,False
1345,232,118,20260522,2026-05-22 12:47:24.243972053,2026-05-22 13:32:24.243972053,24.0,73.3,16.61,22.08,45,8.0,323.89,True,CCS2,False,False,False
1346,232,14,20260603,2026-06-03 08:18:10.673917153,2026-06-03 12:16:10.673917153,8.5,96.5,28.707,6.81,238,14.0,347.35,True,TYPE 2,False,False,False
1347,232,92,20260614,2026-06-14 12:36:50.919208014,2026-06-14 15:56:50.919208014,12.3,86.5,25.191,6.72,200,9.0,332.52,True,TYPE 2,False,False,False
1348,232,148,20260813,2026-08-13 12:11:40.954658285,2026-08-13 12:53:40.954658285,24.4,79.4,18.706,25.49,42,19.0,318.0,True,CCS2,False,False,False
1349,232,118,20260814,2026-08-14 14:27:08.083467871,2026-08-14 15:11:08.083467871,19.8,74.8,18.646,24.91,44,9.0,363.6,True,CCS2,False,False,False
1350,232,92,20260825,2026-08-25 10:23:03.833540953,2026-08-25 13:41:03.833540953,25.9,99.2,24.915,6.72,198,19.0,298.98,True,TYPE 2,False,False,False
1351,232,76,20260829,2026-08-29 12:10:36.917857848,2026-08-29 12:45:36.917857848,25.3,71.9,15.63,25.6,35,19.0,343.86,True,CCS2,False,False,False
1352,234,169,20260329,2026-03-29 09:27:56.934745267,2026-03-29 10:04:56.934745267,5.0,80.3,21.263,36.3,37,4.0,404.0,True,CCS2,False,False,False
1353,234,106,20260401,2026-04-01 09:02:38.848206117,2026-04-01 12:19:38.848206117,5.0,88.6,23.873,6.78,197,6.0,379.48,True,TYPE 2,False,False,True
1354,234,168,20260422,2026-04-22 12:18:54.708363285,2026-04-22 19:04:54.708363285,15.8,92.3,21.122,2.97,406,8.0,232.34,True,TYPE 2,False,False,False
1355,234,78,20260507,2026-05-07 13:17:23.990217556,2026-05-07 13:48:23.990217556,5.0,75.3,19.76,39.49,31,4.0,434.72,True,CCS2,False,False,False
1356,234,69,20260513,2026-05-13 11:56:39.089578364,2026-05-13 12:21:39.089578364,24.1,77.1,15.102,35.38,25,7.0,332.24,True,CCS2,False,False,False
1357,234,56,20260528,2026-05-28 12:32:24.684718093,2026-05-28 18:24:24.684718093,24.2,95.1,20.12,3.18,352,1.0,201.2,True,TYPE 2,False,False,False
1358,234,168,20260602,2026-06-02 16:02:26.545787535,2026-06-02 23:43:26.545787535,5.0,93.1,25.135,2.99,461,1.0,251.35,True,TYPE 2,False,False,False
1359,234,94,20260616,2026-06-16 13:05:28.637708816,2026-06-16 13:56:28.637708816,5.3,71.8,18.627,21.81,51,0.0,409.79,True,CCS2,False,False,False
1360,234,94,20260622,2026-06-22 10:35:06.992666625,2026-06-22 11:20:06.992666625,27.7,83.2,16.172,21.14,45,4.0,391.36,True,CCS2,False,False,False
1361,234,135,20260622,2026-06-22 14:26:58.462977890,2026-06-22 17:38:58.462977890,6.2,85.9,22.082,6.64,192,0.0,253.94,True,TYPE 2,False,False,False
1362,234,176,20260625,2026-06-25 09:03:04.068110109,2026-06-25 09:28:04.068110109,24.2,74.6,14.585,38.05,25,4.0,277.12,True,CCS2,False,False,False
1363,234,69,20260627,2026-06-27 08:56:03.714863181,2026-06-27 09:21:03.714863181,27.3,78.1,14.96,39.21,25,5.0,299.2,True,CCS2,False,False,False
1364,234,94,20260705,2026-07-05 14:42:43.920688434,2026-07-05 15:27:43.920688434,5.0,72.1,19.729,25.56,45,7.0,434.04,True,CCS2,False,False,False
1365,234,135,20260713,2026-07-13 09:59:22.758370788,2026-07-13 13:12:22.758370788,5.0,87.2,22.791,6.84,193,5.0,262.1,True,TYPE 2,False,False,False
1366,234,176,20260722,2026-07-22 20:49:31.145692656,2026-07-22 21:13:31.145692656,25.9,76.7,14.004,39.14,24,6.0,292.68,True,CCS2,False,False,False
1367,234,132,20260820,2026-08-20 08:42:53.868688895,2026-08-20 09:09:53.868688895,22.3,81.5,16.279,40.38,27,5.0,349.18,True,CCS2,False,False,False
1368,234,78,20260906,2026-09-06 10:10:24.355903854,2026-09-06 10:35:24.355903854,24.9,73.9,14.118,33.96,25,4.0,310.6,True,CCS2,False,False,False
1369,234,78,20260912,2026-09-12 11:59:00.257046559,2026-09-12 12:26:00.257046559,19.1,71.6,15.032,32.96,27,3.0,330.7,True,CCS2,False,False,False
1370,238,118,20260408,2026-04-08 12:27:23.383099595,2026-04-08 13:03:23.383099595,7.9,77.2,19.73,33.43,36,12.0,423.21,True,CCS2,False,False,False
1371,238,82,20260414,2026-04-14 16:48:08.554279823,2026-04-15 00:14:08.554279823,5.0,94.3,26.209,3.14,446,19.0,345.96,True,TYPE 2,False,False,False
1372,238,148,20260415,2026-04-15 20:28:00.880193035,2026-04-15 20:53:00.880193035,18.5,79.7,18.064,43.29,25,11.0,307.09,True,CCS2,False,False,False
1373,238,177,20260427,2026-04-27 12:59:52.049743357,2026-04-27 15:37:52.049743357,20.7,88.5,19.197,6.87,158,13.0,221.73,True,TYPE 2,False,False,False
1374,238,60,20260501,2026-05-01 10:56:33.888050992,2026-05-01 11:29:33.888050992,23.9,72.7,13.376,24.77,33,17.0,267.52,True,CCS2,False,False,False
1375,238,177,20260610,2026-06-10 09:37:47.398140576,2026-06-10 12:19:47.398140576,24.8,92.0,18.446,6.64,162,10.0,193.68,True,TYPE 2,False,False,False
1376,238,177,20260624,2026-06-24 10:00:41.031134156,2026-06-24 13:02:41.031134156,22.6,98.7,22.401,6.68,182,8.0,235.21,True,TYPE 2,False,False,False
1377,238,14,20260704,2026-07-04 07:56:16.126406100,2026-07-04 10:59:16.126406100,13.3,90.3,22.589,6.77,183,14.0,273.33,True,TYPE 2,False,False,False
1378,238,118,20260726,2026-07-26 10:05:13.544562377,2026-07-26 10:30:13.544562377,26.6,83.5,16.188,42.31,25,16.0,315.67,True,CCS2,False,False,False
1379,238,177,20260730,2026-07-30 07:38:29.877947499,2026-07-30 10:06:29.877947499,25.7,87.8,18.203,6.69,148,12.0,191.13,True,TYPE 2,False,False,False
1380,238,14,20260912,2026-09-12 07:56:34.087209977,2026-09-12 10:27:34.087209977,23.0,85.3,17.893,6.63,151,12.0,196.82,True,TYPE 2,False,False,False
1381,239,23,20260410,2026-04-10 10:48:40.839270705,2026-04-10 11:19:40.839270705,34.2,70.9,9.651,19.83,31,19.0,202.67,True,CCS2,False,False,False
1382,240,13,20260401,2026-04-01 12:15:25.655936720,2026-04-01 13:00:25.655936720,5.0,73.4,34.596,42.88,45,4.0,726.52,True,CCS2,False,False,False
1383,240,83,20260402,2026-04-02 16:18:24.205778828,2026-04-02 17:09:24.205778828,5.0,73.4,34.684,37.95,51,5.0,763.05,True,CCS2,False,False,False
1384,240,24,20260403,2026-04-03 12:47:40.097651959,2026-04-03 13:34:40.097651959,5.0,75.6,35.632,44.24,47,2.0,748.27,True,CCS2,False,False,False
1385,240,33,20260404,2026-04-04 19:29:12.103008496,2026-04-04 20:25:12.103008496,5.0,81.8,37.932,40.44,56,7.0,796.57,True,CCS2,False,False,False
1386,240,111,20260407,2026-04-07 12:42:01.562059403,2026-04-07 18:12:01.562059403,9.5,91.0,39.188,6.72,330,3.0,538.84,True,TYPE 2,False,False,False
1387,240,120,20260408,2026-04-08 14:50:18.212366752,2026-04-08 15:35:18.212366752,18.5,76.0,28.134,37.01,45,4.0,603.47,True,CCS2,False,False,False
1388,240,155,20260414,2026-04-14 14:15:05.002793332,2026-04-14 15:33:05.002793332,5.0,71.8,31.68,23.89,78,9.0,379.48,True,CCS2,False,False,True
1389,240,116,20260429,2026-04-29 09:50:09.594483715,2026-04-29 22:26:09.594483715,5.0,93.7,45.296,3.18,756,8.0,566.2,True,TYPE 2,False,False,False
1390,240,87,20260504,2026-05-04 17:12:08.157163726,2026-05-04 17:56:08.157163726,19.6,78.8,30.205,38.61,44,2.0,664.51,True,CCS2,False,False,False
1391,240,145,20260514,2026-05-14 12:48:22.682153116,2026-05-14 14:02:22.682153116,5.0,71.1,32.849,25.45,74,3.0,706.25,True,CCS2,False,False,False
1392,240,13,20260521,2026-05-21 11:58:43.337823867,2026-05-21 13:00:43.337823867,5.0,83.0,39.227,36.5,62,8.0,823.77,True,CCS2,False,False,False
1393,240,116,20260530,2026-05-30 09:14:19.023203033,2026-05-30 22:37:19.023203033,5.0,96.4,45.55,3.08,803,9.0,569.38,True,TYPE 2,False,False,False
1394,240,68,20260601,2026-06-01 10:03:40.960517143,2026-06-01 10:55:40.960517143,5.0,82.1,36.739,43.82,52,3.0,734.78,True,CCS2,False,False,False
1395,240,25,20260625,2026-06-25 15:57:04.183603649,2026-06-25 21:45:04.183603649,11.1,97.2,42.092,6.74,348,5.0,463.01,True,TYPE 2,False,False,False
1396,240,2,20260701,2026-07-01 12:00:54.161492247,2026-07-01 12:55:54.161492247,5.0,74.5,35.216,35.12,55,9.0,739.54,True,CCS2,False,True,False
1397,240,33,20260701,2026-07-01 23:47:12.036832269,2026-07-02 00:33:12.036832269,12.1,71.0,28.817,36.1,46,2.0,605.16,True,CCS2,False,False,False
1398,240,32,20260703,2026-07-03 16:21:17.077395329,2026-07-03 17:10:17.077395329,5.0,71.2,31.519,39.95,49,1.0,379.48,True,CCS2,False,False,True
1399,240,13,20260706,2026-07-06 19:46:49.809340382,2026-07-06 20:44:49.809340382,5.0,77.0,35.915,35.56,58,9.0,754.22,True,CCS2,False,False,False
1400,240,68,20260711,2026-07-11 11:52:15.964479734,2026-07-11 12:39:15.964479734,5.0,72.3,34.258,43.19,47,6.0,685.16,True,CCS2,False,False,False
1401,240,87,20260722,2026-07-22 10:52:48.923825631,2026-07-22 11:48:48.923825631,5.0,81.0,37.288,39.06,56,5.0,820.34,True,CCS2,False,False,False
1402,240,43,20260808,2026-08-08 10:51:27.366495666,2026-08-08 11:40:27.366495666,5.0,70.6,31.633,37.68,49,9.0,695.93,True,CCS2,False,False,False
1403,240,24,20260812,2026-08-12 15:05:06.507143880,2026-08-12 16:00:06.507143880,5.0,76.0,35.441,37.07,55,7.0,744.26,True,CCS2,False,False,False
1404,240,43,20260815,2026-08-15 10:36:25.387883067,2026-08-15 11:40:25.387883067,5.0,82.2,36.814,33.35,64,3.0,809.91,True,CCS2,False,False,False
1405,240,87,20260831,2026-08-31 14:36:46.813936070,2026-08-31 15:21:46.813936070,13.2,72.8,30.383,40.02,45,3.0,668.43,True,CCS2,False,False,False
1406,240,7,20260905,2026-09-05 15:33:38.585666214,2026-09-05 16:38:38.585666214,5.0,85.0,38.963,35.98,65,7.0,818.22,True,CCS2,False,False,False
1407,240,173,20260910,2026-09-10 17:30:01.781268968,2026-09-10 18:21:01.781268968,5.0,80.4,37.834,41.42,51,3.0,718.85,True,CCS2,False,False,False
1408,240,13,20260910,2026-09-11 09:31:07.950954255,2026-09-11 10:32:07.950954255,5.0,78.1,35.449,34.85,61,8.0,744.43,True,CCS2,False,False,False
1409,244,143,20260723,2026-07-23 18:11:29.104257859,2026-07-23 18:31:29.104257859,30.1,71.7,11.987,44.7,20,14.0,283.49,True,CCS2,False,False,False
1410,247,166,20260327,2026-03-27 23:58:39.269617187,2026-03-28 06:46:39.269617187,26.1,87.5,51.72,6.86,408,6.0,739.6,True,TYPE 2,False,False,False
1411,247,135,20260418,2026-04-18 11:11:00.541469697,2026-04-18 18:59:00.541469697,13.8,85.0,59.024,6.89,468,1.0,746.65,True,TYPE 2,False,False,False
1412,247,132,20260501,2026-05-01 09:41:08.376995750,2026-05-01 11:10:08.376995750,6.7,80.1,62.251,37.89,89,9.0,1335.28,True,CCS2,False,False,False
1413,247,56,20260605,2026-06-05 09:05:23.221686091,2026-06-06 01:30:23.221686091,26.4,92.7,52.672,3.04,985,3.0,526.72,True,TYPE 2,False,False,False
1414,247,78,20260614,2026-06-14 09:24:43.528445569,2026-06-14 09:56:43.528445569,27.8,79.9,41.359,88.0,32,2.0,909.9,True,CCS2,False,False,False
1415,247,176,20260626,2026-06-26 11:03:27.438652022,2026-06-26 11:34:27.438652022,9.5,70.0,51.177,101.09,31,6.0,1069.6,True,CCS2,False,False,False
1416,247,168,20260803,2026-08-03 10:46:33.481995862,2026-08-04 08:19:33.481995862,5.0,92.2,70.249,3.04,1293,3.0,772.74,True,TYPE 2,False,False,False
1417,248,74,20260426,2026-04-26 10:14:13.168420050,2026-04-26 10:58:13.168420050,26.8,82.3,18.491,24.42,44,2.0,369.82,True,CCS2,False,False,False
1418,248,96,20260518,2026-05-18 09:18:29.256286260,2026-05-18 10:21:29.256286260,5.0,81.0,24.533,22.69,63,1.0,539.73,True,CCS2,False,False,False
1419,248,146,20260523,2026-05-23 08:26:39.985252278,2026-05-23 15:03:39.985252278,23.1,88.2,21.951,2.98,397,0.0,197.56,True,TYPE 2,False,False,False
1420,248,133,20260605,2026-06-05 13:52:40.198340464,2026-06-05 14:57:40.198340464,5.0,81.5,25.195,22.16,65,6.0,541.69,True,CCS2,False,False,False
1421,248,96,20260629,2026-06-29 13:32:38.703710314,2026-06-29 14:32:38.703710314,5.0,77.8,23.096,22.75,60,5.0,508.11,True,CCS2,False,False,False
1422,248,146,20260715,2026-07-15 14:27:57.069268547,2026-07-15 23:09:57.069268547,5.0,97.2,31.177,3.19,522,2.0,280.59,True,TYPE 2,False,False,False
1423,248,74,20260719,2026-07-19 08:33:02.166486742,2026-07-19 09:21:02.166486742,16.5,79.4,21.321,24.55,48,4.0,426.42,True,CCS2,False,False,False
1424,248,6,20260719,2026-07-19 16:32:25.548570765,2026-07-19 17:27:25.548570765,17.4,75.7,18.559,19.54,55,6.0,389.74,True,CCS2,False,False,False
1425,248,18,20260720,2026-07-20 13:44:55.800001242,2026-07-20 14:45:55.800001242,5.0,83.6,24.887,23.97,61,3.0,522.63,True,CCS2,False,False,False
1426,248,93,20260723,2026-07-23 11:47:20.076184778,2026-07-23 12:47:20.076184778,5.0,78.0,23.486,23.4,60,9.0,516.69,True,CCS2,False,False,False
1427,248,31,20260725,2026-07-25 12:21:34.770253398,2026-07-25 16:10:34.770253398,5.0,91.0,27.67,6.83,229,5.0,304.37,True,TYPE 2,False,False,False
1428,248,146,20260725,2026-07-26 00:29:38.646716726,2026-07-26 08:53:38.646716726,5.0,91.8,29.095,3.12,504,6.0,288.04,True,TYPE 2,False,False,False
1429,248,133,20260809,2026-08-09 12:13:04.308915951,2026-08-09 12:53:04.308915951,27.6,80.0,16.85,25.6,40,3.0,398.5,True,CCS2,False,False,False
1430,248,146,20260814,2026-08-14 16:15:49.307326675,2026-08-15 01:02:49.307326675,5.0,95.3,30.077,3.11,527,9.0,270.69,True,TYPE 2,False,False,False
1431,248,93,20260909,2026-09-09 08:47:13.637123356,2026-09-09 09:30:13.637123356,24.0,71.6,16.027,21.57,43,5.0,387.85,True,CCS2,False,False,False
1432,248,74,20260913,2026-09-13 07:07:52.671562460,2026-09-13 08:12:52.671562460,5.0,79.2,23.807,21.3,65,8.0,379.48,True,CCS2,False,False,True
1433,248,110,20260918,2026-09-18 10:23:40.191921901,2026-09-18 11:28:40.191921901,5.0,78.0,23.794,20.66,65,5.0,601.99,True,CCS2,False,False,False
1434,249,106,20260330,2026-03-30 14:06:58.042541356,2026-03-30 19:09:58.042541356,5.0,85.7,17.037,3.12,303,4.0,212.96,True,TYPE 2,False,False,False
1435,249,115,20260403,2026-04-03 15:23:11.509721871,2026-04-03 16:08:11.509721871,5.0,71.0,13.719,18.96,45,4.0,315.54,True,CCS2,False,False,False
1436,249,166,20260404,2026-04-04 12:19:09.052740761,2026-04-04 17:32:09.052740761,5.0,88.5,17.402,3.12,313,7.0,226.23,True,TYPE 2,False,False,False
1437,249,69,20260404,2026-04-04 19:47:08.106920009,2026-04-04 20:28:08.106920009,5.0,74.3,14.893,21.95,41,2.0,297.86,True,CCS2,False,False,False
1438,249,166,20260505,2026-05-05 14:32:49.060827419,2026-05-05 19:05:49.060827419,19.9,91.8,15.22,3.1,273,7.0,197.86,True,TYPE 2,False,False,False
1439,249,57,20260524,2026-05-24 11:56:28.336261310,2026-05-24 12:42:28.336261310,5.0,75.0,14.737,19.69,46,4.0,294.74,True,CCS2,False,False,False
1440,249,178,20260602,2026-06-02 14:11:04.577706910,2026-06-02 19:29:04.577706910,5.0,91.4,18.626,3.16,318,4.0,215.13,True,TYPE 2,False,False,False
1441,249,69,20260604,2026-06-04 15:27:33.086923189,2026-06-04 16:07:33.086923189,5.0,74.0,14.514,20.9,40,7.0,290.28,True,CCS2,False,False,False
1442,249,56,20260607,2026-06-07 13:15:25.094728271,2026-06-07 18:55:25.094728271,5.0,93.1,18.916,3.01,340,5.0,208.08,True,TYPE 2,False,False,False
1443,249,69,20260608,2026-06-08 15:33:39.379958361,2026-06-08 16:24:39.379958361,5.0,76.5,15.428,17.11,51,0.0,308.56,True,CCS2,False,False,False
1444,249,135,20260625,2026-06-25 11:31:52.986857615,2026-06-25 17:11:52.986857615,5.0,94.5,18.739,3.05,340,4.0,215.5,True,TYPE 2,False,False,False
1445,249,132,20260716,2026-07-16 11:45:26.132067783,2026-07-16 12:27:26.132067783,7.0,81.2,16.009,21.7,42,7.0,312.18,True,CCS2,False,False,False
1446,249,56,20260724,2026-07-24 11:01:01.882482825,2026-07-24 16:18:01.882482825,5.0,88.6,17.645,3.07,317,5.0,176.45,True,TYPE 2,False,False,False
1447,249,132,20260729,2026-07-29 10:05:16.135701534,2026-07-29 10:48:16.135701534,19.7,76.9,11.806,16.65,43,5.0,230.22,True,CCS2,False,False,False
1448,249,169,20260802,2026-08-02 12:12:15.421763384,2026-08-02 13:00:15.421763384,5.0,81.3,15.525,20.38,48,9.0,294.98,True,CCS2,False,True,False
1449,249,78,20260802,2026-08-02 18:39:32.953953690,2026-08-02 19:26:32.953953690,5.0,79.5,15.817,20.42,47,3.0,347.97,True,CCS2,False,False,False
1450,249,69,20260805,2026-08-05 13:35:20.584115706,2026-08-05 14:14:20.584115706,5.0,73.1,13.881,21.44,39,5.0,277.62,True,CCS2,False,False,False
1451,249,56,20260806,2026-08-06 11:12:21.403897552,2026-08-06 16:17:21.403897552,16.1,95.1,17.235,3.01,305,5.0,189.59,True,TYPE 2,False,False,False
1452,249,168,20260809,2026-08-09 17:01:16.750349820,2026-08-09 22:58:16.750349820,5.0,99.1,19.801,3.08,357,5.0,198.01,True,TYPE 2,False,False,False
1453,249,56,20260813,2026-08-13 14:24:52.697604819,2026-08-13 19:36:52.697604819,5.0,85.6,17.573,3.02,312,3.0,175.73,True,TYPE 2,False,False,False
1454,249,166,20260814,2026-08-14 14:05:40.929536279,2026-08-14 19:29:40.929536279,5.0,88.3,18.081,2.99,324,0.0,258.56,True,TYPE 2,False,False,False
1455,249,176,20260816,2026-08-16 18:28:22.533063992,2026-08-16 19:18:22.533063992,5.0,72.7,14.256,17.04,50,7.0,270.86,True,CCS2,False,False,False
1456,249,94,20260820,2026-08-20 11:32:26.275515201,2026-08-20 12:08:26.275515201,20.5,79.8,12.077,20.32,36,8.0,265.69,True,CCS2,False,False,False
1457,249,134,20260827,2026-08-27 12:44:36.686206379,2026-08-27 18:16:36.686206379,5.0,92.7,18.883,3.09,332,2.0,238.87,True,TYPE 2,False,False,False
1458,249,94,20260829,2026-08-29 16:09:58.599253421,2026-08-29 16:57:58.599253421,6.1,74.9,14.79,18.47,48,3.0,325.38,True,CCS2,False,False,False
1459,249,115,20260902,2026-09-02 12:56:47.388671283,2026-09-02 13:47:47.388671283,5.0,82.3,15.975,19.46,51,6.0,367.43,True,CCS2,False,False,False
1460,249,57,20260904,2026-09-04 13:01:14.962667083,2026-09-04 13:38:14.962667083,5.0,71.1,13.619,22.05,37,8.0,272.38,True,CCS2,False,False,False
1461,249,178,20260904,2026-09-04 19:35:18.205877439,2026-09-05 01:28:18.205877439,5.0,96.5,19.87,3.0,353,6.0,208.64,True,TYPE 2,False,False,False
1462,249,78,20260909,2026-09-09 13:47:40.345823240,2026-09-09 14:29:40.345823240,5.0,78.9,15.591,21.04,42,1.0,343.0,True,CCS2,False,False,False
1463,249,169,20260910,2026-09-10 14:24:29.881577331,2026-09-10 15:21:29.881577331,5.0,84.5,17.222,17.58,57,3.0,327.22,True,CCS2,False,False,False
1464,249,169,20260916,2026-09-16 12:31:31.603473515,2026-09-16 13:24:31.603473515,5.0,83.4,16.017,17.54,53,6.0,334.76,True,CCS2,False,False,False
1465,250,98,20260818,2026-08-18 17:57:11.913511794,2026-08-18 23:23:11.913511794,5.0,87.9,41.96,6.95,326,4.0,503.52,True,TYPE 2,False,False,False
1466,250,11,20260907,2026-09-07 09:32:09.696956820,2026-09-07 10:06:09.696956820,16.2,71.4,27.919,52.64,34,0.0,586.3,True,CCS2,False,False,False
1467,250,98,20260910,2026-09-10 08:32:14.960501611,2026-09-10 12:43:14.960501611,28.7,89.7,31.174,6.69,251,7.0,374.09,True,TYPE 2,False,False,False
